allele,A1,G1
A*01:07,0,1
A*01:08,0,1
A*01:10,0,1
A*01:100,0,1
A*01:102,0,1
A*01:104,0,1
A*01:105,0,1
A*01:108,0,1
A*01:112,0,1
A*01:120,0,1
A*01:121,0,1
A*01:122,0,1
A*01:126,0,1
A*01:127,0,1
A*01:13,0,1
A*01:130,0,1
A*01:134,0,1
A*01:136,0,1
A*01:21,0,1
A*01:26,0,1
A*01:28,0,1
A*01:30,0,1
A*01:47,0,1
A*01:50,0,1
A*01:51,0,1
A*01:60,0,1
A*01:61,0,1
A*01:66,0,1
A*01:68,0,1
A*01:71,0,1
A*01:72,0,1
A*01:73,0,1
A*01:79,0,1
A*01:83,0,1
A*01:88,0,1
A*01:89,0,1
A*01:95,0,1
A*01:98,0,1
A*02:102,0,1
A*02:103,0,1
A*02:108,0,1
A*02:110,0,1
A*02:112,0,1
A*02:114,0,1
A*02:116,0,1
A*02:117,0,1
A*02:118,0,1
A*02:119,0,1
A*02:127,0,1
A*02:128,0,1
A*02:129,0,1
A*02:130,0,1
A*02:142,0,1
A*02:143,0,1
A*02:146,0,1
A*02:148,0,1
A*02:149,0,1
A*02:154,0,1
A*02:155,0,1
A*02:156,0,1
A*02:162,0,1
A*02:169,0,1
A*02:171,0,1
A*02:172,0,1
A*02:174,0,1
A*02:178,0,1
A*02:184,0,1
A*02:185,0,1
A*02:191,0,1
A*02:192,0,1
A*02:195,0,1
A*02:198,0,1
A*02:204,0,1
A*02:217,0,1
A*02:224,0,1
A*02:229,0,1
A*02:233,0,1
A*02:237,0,1
A*02:243,0,1
A*02:245,0,1
A*02:246,0,1
A*02:247,0,1
A*02:25,0,1
A*02:261,0,1
A*02:262,0,1
A*02:263,0,1
A*02:267,0,1
A*02:268,0,1
A*02:271,0,1
A*02:272,0,1
A*02:274,0,1
A*02:276,0,1
A*02:28,0,1
A*02:280,0,1
A*02:282,0,1
A*02:289,0,1
A*02:295,0,1
A*02:298,0,1
A*02:299,0,1
A*02:300,0,1
A*02:304,0,1
A*02:309,0,1
A*02:319,0,1
A*02:323,0,1
A*02:331,0,1
A*02:332,0,1
A*02:334,0,1
A*02:338,0,1
A*02:339,0,1
A*02:341,0,1
A*02:346,0,1
A*02:351,0,1
A*02:355,0,1
A*02:358,0,1
A*02:369,0,1
A*02:37,0,1
A*02:379,0,1
A*02:381,0,1
A*02:382,0,1
A*02:393,0,1
A*02:398,0,1
A*02:40,0,1
A*02:402,0,1
A*02:403,0,1
A*02:405,0,1
A*02:406,0,1
A*02:407,0,1
A*02:408,0,1
A*02:41,0,1
A*02:412,0,1
A*02:413,0,1
A*02:414,0,1
A*02:417,0,1
A*02:423,0,1
A*02:427,0,1
A*02:431,0,1
A*02:432,0,1
A*02:433,0,1
A*02:436,0,1
A*02:438,0,1
A*02:45,0,1
A*02:50,0,1
A*02:55,0,1
A*02:62,0,1
A*02:70,0,1
A*02:73,0,1
A*02:76,0,1
A*02:80,0,1
A*02:84,0,1
A*02:92,0,1
A*02:99,0,1
A*03:103,0,1
A*03:104,0,1
A*03:105,0,1
A*03:107,0,1
A*03:109,0,1
A*03:110,0,1
A*03:113,0,1
A*03:122,0,1
A*03:124,0,1
A*03:127,0,1
A*03:128,0,1
A*03:133,0,1
A*03:135,0,1
A*03:147,0,1
A*03:15,0,1
A*03:150,0,1
A*03:152,0,1
A*03:153,0,1
A*03:157,0,1
A*03:16,0,1
A*03:164,0,1
A*03:167,0,1
A*03:169,0,1
A*03:171,0,1
A*03:172,0,1
A*03:173,0,1
A*03:19,0,1
A*03:23,0,1
A*03:24,0,1
A*03:31,0,1
A*03:32,0,1
A*03:34,0,1
A*03:41,0,1
A*03:42,0,1
A*03:50,0,1
A*03:63,0,1
A*03:65,0,1
A*03:66,0,1
A*03:70,0,1
A*03:72,0,1
A*03:75,0,1
A*03:76,0,1
A*03:81,0,1
A*03:82,0,1
A*03:89,0,1
A*03:90,0,1
A*03:93,0,1
A*03:95,0,1
A*03:97,0,1
A*03:98,0,1
A*11:06,0,1
A*11:103,0,1
A*11:106,0,1
A*11:11,0,1
A*11:111,0,1
A*11:113,0,1
A*11:117,0,1
A*11:118,0,1
A*11:119,0,1
A*11:121,0,1
A*11:122,0,1
A*11:130,0,1
A*11:139,0,1
A*11:17,0,1
A*11:19,0,1
A*11:20,0,1
A*11:24,0,1
A*11:26,0,1
A*11:27,0,1
A*11:31,0,1
A*11:33,0,1
A*11:35,0,1
A*11:36,0,1
A*11:40,0,1
A*11:43,0,1
A*11:44,0,1
A*11:45,0,1
A*11:47,0,1
A*11:51,0,1
A*11:54,0,1
A*11:57,0,1
A*11:70,0,1
A*11:88,0,1
A*11:90,0,1
A*11:94,0,1
A*11:98,0,1
A*23:03,0,1
A*23:10,0,1
A*23:14,0,1
A*23:21,0,1
A*23:27,0,1
A*23:28,0,1
A*23:31,0,1
A*23:34,0,1
A*23:36,0,1
A*23:39,0,1
A*23:40,0,1
A*23:42,0,1
A*23:43,0,1
A*23:45,0,1
A*23:46,0,1
A*23:49,0,1
A*23:51,0,1
A*23:52,0,1
A*23:53,0,1
A*23:55,0,1
A*23:57,0,1
A*23:59,0,1
A*24:06,0,1
A*24:100,0,1
A*24:109,0,1
A*24:119,0,1
A*24:121,0,1
A*24:124,0,1
A*24:125,0,1
A*24:13,0,1
A*24:131,0,1
A*24:138,0,1
A*24:145,0,1
A*24:15,0,1
A*24:156,0,1
A*24:160,0,1
A*24:161,0,1
A*24:164,0,1
A*24:167,0,1
A*24:169,0,1
A*24:177,0,1
A*24:188,0,1
A*24:19,0,1
A*24:190,0,1
A*24:191,0,1
A*24:197,0,1
A*24:202,0,1
A*24:204,0,1
A*24:208,0,1
A*24:21,0,1
A*24:210,0,1
A*24:213,0,1
A*24:218,0,1
A*24:219,0,1
A*24:220,0,1
A*24:228,0,1
A*24:229,0,1
A*24:230,0,1
A*24:239,0,1
A*24:24,0,1
A*24:243,0,1
A*24:34,0,1
A*24:42,0,1
A*24:44,0,1
A*24:46,0,1
A*24:52,0,1
A*24:55,0,1
A*24:59,0,1
A*24:62,0,1
A*24:64,0,1
A*24:66,0,1
A*24:67,0,1
A*24:77,0,1
A*24:82,0,1
A*24:87,0,1
A*24:89,0,1
A*24:92,0,1
A*24:93,0,1
A*24:94,0,1
A*24:99,0,1
A*25:03,0,1
A*25:06,0,1
A*25:08,0,1
A*25:10,0,1
A*25:13,0,1
A*25:15,0,1
A*25:17,0,1
A*25:18,0,1
A*25:19,0,1
A*26:03,1,0
A*26:13,0,1
A*26:19,0,1
A*26:20,0,1
A*26:22,0,1
A*26:28,0,1
A*26:30,0,1
A*26:32,0,1
A*26:33,0,1
A*26:35,0,1
A*26:36,0,1
A*26:43,0,1
A*26:48,0,1
A*26:54,0,1
A*26:57,0,1
A*26:58,0,1
A*26:62,0,1
A*26:64,0,1
A*26:65,0,1
A*26:67,0,1
A*26:69,0,1
A*26:70,0,1
A*26:72,0,1
A*26:73,0,1
A*26:78,0,1
A*26:83,0,1
A*26:86,0,1
A*26:87,0,1
A*26:88,0,1
A*26:91,0,1
A*26:92,0,1
A*29:05,0,1
A*29:07,0,1
A*29:13,0,1
A*29:18,0,1
A*29:19,0,1
A*29:20,0,1
A*29:22,0,1
A*29:24,0,1
A*29:28,0,1
A*29:31,0,1
A*29:33,0,1
A*29:34,0,1
A*29:35,0,1
A*29:44,0,1
A*29:48,0,1
A*29:49,0,1
A*29:51,0,1
A*29:53,0,1
A*29:55,0,1
A*30:06,0,1
A*30:12,0,1
A*30:13,0,1
A*30:17,0,1
A*30:18,0,1
A*30:20,0,1
A*30:22,0,1
A*30:26,0,1
A*30:29,0,1
A*30:35,0,1
A*30:40,0,1
A*30:43,0,1
A*30:44,0,1
A*30:45,0,1
A*30:46,0,1
A*30:47,0,1
A*30:48,0,1
A*30:49,0,1
A*30:50,0,1
A*30:52,0,1
A*30:54,0,1
A*30:55,0,1
A*30:56,0,1
A*30:57,0,1
A*30:60,0,1
A*30:61,0,1
A*30:62,0,1
A*30:63,0,1
A*30:65,0,1
A*30:72,0,1
A*30:74,0,1
A*30:75,0,1
A*31:03,0,1
A*31:05,0,1
A*31:10,0,1
A*31:17,0,1
A*31:21,0,1
A*31:24,0,1
A*31:25,0,1
A*31:29,0,1
A*31:35,0,1
A*31:41,0,1
A*31:42,0,1
A*31:43,0,1
A*31:44,0,1
A*31:62,0,1
A*31:66,0,1
A*31:67,0,1
A*31:68,0,1
A*31:70,0,1
A*31:75,0,1
A*31:76,0,1
A*32:09,0,1
A*32:10,0,1
A*32:13,0,1
A*32:22,0,1
A*32:25,0,1
A*32:26,0,1
A*32:28,0,1
A*32:29,0,1
A*32:30,0,1
A*32:32,0,1
A*32:33,0,1
A*32:37,0,1
A*32:38,0,1
A*32:39,0,1
A*32:42,0,1
A*32:49,0,1
A*32:52,0,1
A*33:10,0,1
A*33:11,0,1
A*33:13,0,1
A*33:17,0,1
A*33:18,0,1
A*33:21,0,1
A*33:22,0,1
A*33:24,0,1
A*33:28,0,1
A*33:29,0,1
A*33:32,0,1
A*33:34,0,1
A*33:41,0,1
A*33:48,0,1
A*33:51,0,1
A*33:53,0,1
A*33:59,0,1
A*33:61,0,1
A*33:63,0,1
A*33:66,0,1
A*33:70,0,1
A*34:03,0,1
A*34:04,0,1
A*34:09,0,1
A*34:11,0,1
A*36:02,0,1
A*66:04,0,1
A*66:05,0,1
A*66:06,0,1
A*66:09,0,1
A*66:10,0,1
A*66:11,0,1
A*66:12,0,1
A*66:15,0,1
A*66:16,0,1
A*66:18,0,1
A*66:19,0,1
A*68:04,0,1
A*68:09,0,1
A*68:26,0,1
A*68:28,0,1
A*68:34,0,1
A*68:38,0,1
A*68:39,0,1
A*68:41,0,1
A*68:42,0,1
A*68:45,0,1
A*68:46,0,1
A*68:48,0,1
A*68:50,0,1
A*68:51,0,1
A*68:61,0,1
A*68:63,0,1
A*68:65,0,1
A*68:68,0,1
A*68:70,0,1
A*68:73,0,1
A*68:75,0,1
A*68:82,0,1
A*68:83,0,1
A*68:84,0,1
A*68:86,0,1
A*68:88,0,1
A*68:89,0,1
A*68:91,0,1
A*68:93,0,1
A*68:95,0,1
A*68:97,0,1
A*69:02,0,1
A*74:04,0,1
A*74:05,0,1
A*74:08,0,1
A*74:10,0,1
A*74:13,0,1
A*80:02,0,1
A*80:03,0,1
A*01:07,0,0
A*01:08,0,0
A*01:10,0,0
A*01:100,0,0
A*01:102,0,0
A*01:104,0,0
A*01:105,0,0
A*01:108,0,0
A*01:112,0,0
A*01:120,0,0
A*01:121,0,0
A*01:122,0,0
A*01:126,0,0
A*01:127,0,0
A*01:13,0,0
A*01:130,0,0
A*01:134,0,0
A*01:136,0,0
A*01:19,0,0
A*01:21,0,0
A*01:26,0,0
A*01:28,0,0
A*01:30,0,0
A*01:47,0,0
A*01:50,0,0
A*01:51,0,0
A*01:60,0,0
A*01:61,0,0
A*01:66,0,0
A*01:68,0,0
A*01:71,0,0
A*01:72,0,0
A*01:73,0,0
A*01:79,0,0
A*01:83,0,0
A*01:88,0,0
A*01:89,0,0
A*01:95,0,0
A*01:98,0,0
A*02:102,0,0
A*02:103,0,0
A*02:104,0,0
A*02:108,0,0
A*02:110,0,0
A*02:112,0,0
A*02:114,0,0
A*02:116,0,0
A*02:117,0,0
A*02:118,0,0
A*02:119,0,0
A*02:127,0,0
A*02:128,0,0
A*02:129,0,0
A*02:130,0,0
A*02:142,0,0
A*02:143,0,0
A*02:146,0,0
A*02:147,0,0
A*02:148,0,0
A*02:149,0,0
A*02:154,0,0
A*02:155,0,0
A*02:156,0,0
A*02:162,0,0
A*02:169,0,0
A*02:171,0,0
A*02:172,0,0
A*02:174,0,0
A*02:178,0,0
A*02:184,0,0
A*02:185,0,0
A*02:188,0,0
A*02:191,0,0
A*02:192,0,0
A*02:195,0,0
A*02:198,0,0
A*02:204,0,0
A*02:217,0,0
A*02:224,0,0
A*02:229,0,0
A*02:231,0,0
A*02:233,0,0
A*02:237,0,0
A*02:243,0,0
A*02:244,0,0
A*02:245,0,0
A*02:246,0,0
A*02:247,0,0
A*02:25,0,0
A*02:261,0,0
A*02:262,0,0
A*02:263,0,0
A*02:267,0,0
A*02:268,0,0
A*02:271,0,0
A*02:272,0,0
A*02:274,0,0
A*02:276,0,0
A*02:28,0,0
A*02:280,0,0
A*02:282,0,0
A*02:289,0,0
A*02:295,0,0
A*02:298,0,0
A*02:299,0,0
A*02:300,0,0
A*02:303,0,0
A*02:304,0,0
A*02:309,0,0
A*02:319,0,0
A*02:323,0,0
A*02:331,0,0
A*02:332,0,0
A*02:334,0,0
A*02:336,0,0
A*02:338,0,0
A*02:339,0,0
A*02:341,0,0
A*02:346,0,0
A*02:351,0,0
A*02:355,0,0
A*02:358,0,0
A*02:369,0,0
A*02:37,0,0
A*02:379,0,0
A*02:381,0,0
A*02:382,0,0
A*02:393,0,0
A*02:398,0,0
A*02:40,0,0
A*02:400,0,0
A*02:401,0,0
A*02:402,0,0
A*02:403,0,0
A*02:405,0,0
A*02:406,0,0
A*02:407,0,0
A*02:408,0,0
A*02:41,0,0
A*02:410,0,0
A*02:412,0,0
A*02:413,0,0
A*02:414,0,0
A*02:417,0,0
A*02:423,0,0
A*02:427,0,0
A*02:431,0,0
A*02:432,0,0
A*02:433,0,0
A*02:436,0,0
A*02:438,0,0
A*02:45,0,0
A*02:50,0,0
A*02:55,0,0
A*02:62,0,0
A*02:70,0,0
A*02:73,0,0
A*02:76,0,0
A*02:80,0,0
A*02:84,0,0
A*02:92,0,0
A*02:99,0,0
A*03:103,0,0
A*03:104,0,0
A*03:105,0,0
A*03:107,0,0
A*03:109,0,0
A*03:110,0,0
A*03:113,0,0
A*03:114,0,0
A*03:122,0,0
A*03:124,0,0
A*03:127,0,0
A*03:128,0,0
A*03:133,0,0
A*03:135,0,0
A*03:147,0,0
A*03:15,0,0
A*03:150,0,0
A*03:152,0,0
A*03:153,0,0
A*03:157,0,0
A*03:16,0,0
A*03:164,0,0
A*03:167,0,0
A*03:169,0,0
A*03:171,0,0
A*03:172,0,0
A*03:173,0,0
A*03:19,0,0
A*03:23,0,0
A*03:24,0,0
A*03:31,0,0
A*03:32,0,0
A*03:34,0,0
A*03:41,0,0
A*03:42,0,0
A*03:50,0,0
A*03:63,0,0
A*03:65,0,0
A*03:66,0,0
A*03:70,0,0
A*03:72,0,0
A*03:75,0,0
A*03:76,0,0
A*03:81,0,0
A*03:82,0,0
A*03:89,0,0
A*03:90,0,0
A*03:93,0,0
A*03:95,0,0
A*03:97,0,0
A*03:98,0,0
A*03:99,0,0
A*11:06,0,0
A*11:103,0,0
A*11:106,0,0
A*11:11,0,0
A*11:111,0,0
A*11:113,0,0
A*11:117,0,0
A*11:118,0,0
A*11:119,0,0
A*11:121,0,0
A*11:122,0,0
A*11:13,0,0
A*11:130,0,0
A*11:139,0,0
A*11:17,0,0
A*11:19,0,0
A*11:20,0,0
A*11:24,0,0
A*11:26,0,0
A*11:27,0,0
A*11:31,0,0
A*11:33,0,0
A*11:35,0,0
A*11:36,0,0
A*11:40,0,0
A*11:43,0,0
A*11:44,0,0
A*11:45,0,0
A*11:47,0,0
A*11:51,0,0
A*11:54,0,0
A*11:57,0,0
A*11:70,0,0
A*11:88,0,0
A*11:90,0,0
A*11:94,0,0
A*11:98,0,0
A*23:03,0,0
A*23:10,0,0
A*23:14,0,0
A*23:21,0,0
A*23:27,0,0
A*23:28,0,0
A*23:31,0,0
A*23:34,0,0
A*23:36,0,0
A*23:39,0,0
A*23:40,0,0
A*23:42,0,0
A*23:43,0,0
A*23:45,0,0
A*23:46,0,0
A*23:49,0,0
A*23:51,0,0
A*23:52,0,0
A*23:53,0,0
A*23:55,0,0
A*23:57,0,0
A*23:59,0,0
A*24:06,0,0
A*24:100,0,0
A*24:109,0,0
A*24:119,0,0
A*24:121,0,0
A*24:124,0,0
A*24:125,0,0
A*24:13,0,0
A*24:131,0,0
A*24:138,0,0
A*24:145,0,0
A*24:15,0,0
A*24:156,0,0
A*24:160,0,0
A*24:161,0,0
A*24:164,0,0
A*24:167,0,0
A*24:169,0,0
A*24:170,0,0
A*24:177,0,0
A*24:188,0,0
A*24:19,0,0
A*24:190,0,0
A*24:191,0,0
A*24:197,0,0
A*24:199,0,0
A*24:202,0,0
A*24:204,0,0
A*24:208,0,0
A*24:21,0,0
A*24:210,0,0
A*24:213,0,0
A*24:218,0,0
A*24:219,0,0
A*24:220,0,0
A*24:228,0,0
A*24:229,0,0
A*24:230,0,0
A*24:239,0,0
A*24:24,0,0
A*24:243,0,0
A*24:34,0,0
A*24:42,0,0
A*24:44,0,0
A*24:46,0,0
A*24:52,0,0
A*24:55,0,0
A*24:59,0,0
A*24:62,0,0
A*24:64,0,0
A*24:66,0,0
A*24:67,0,0
A*24:77,0,0
A*24:82,0,0
A*24:87,0,0
A*24:89,0,0
A*24:92,0,0
A*24:93,0,0
A*24:94,0,0
A*24:99,0,0
A*25:03,0,0
A*25:06,0,0
A*25:08,0,0
A*25:10,0,0
A*25:13,0,0
A*25:15,0,0
A*25:17,0,0
A*25:18,0,0
A*25:19,0,0
A*26:13,0,0
A*26:19,0,0
A*26:20,0,0
A*26:22,0,0
A*26:23,0,0
A*26:28,0,0
A*26:30,0,0
A*26:32,0,0
A*26:33,0,0
A*26:34,0,0
A*26:35,0,0
A*26:36,0,0
A*26:43,0,0
A*26:48,0,0
A*26:54,0,0
A*26:57,0,0
A*26:58,0,0
A*26:62,0,0
A*26:64,0,0
A*26:65,0,0
A*26:67,0,0
A*26:69,0,0
A*26:70,0,0
A*26:72,0,0
A*26:73,0,0
A*26:78,0,0
A*26:81,0,0
A*26:83,0,0
A*26:86,0,0
A*26:87,0,0
A*26:88,0,0
A*26:91,0,0
A*26:92,0,0
A*29:05,0,0
A*29:07,0,0
A*29:13,0,0
A*29:18,0,0
A*29:19,0,0
A*29:20,0,0
A*29:22,0,0
A*29:24,0,0
A*29:28,0,0
A*29:31,0,0
A*29:33,0,0
A*29:34,0,0
A*29:35,0,0
A*29:44,0,0
A*29:48,0,0
A*29:49,0,0
A*29:51,0,0
A*29:53,0,0
A*29:55,0,0
A*30:06,0,0
A*30:12,0,0
A*30:13,0,0
A*30:17,0,0
A*30:18,0,0
A*30:20,0,0
A*30:22,0,0
A*30:26,0,0
A*30:29,0,0
A*30:35,0,0
A*30:40,0,0
A*30:43,0,0
A*30:44,0,0
A*30:45,0,0
A*30:46,0,0
A*30:47,0,0
A*30:48,0,0
A*30:49,0,0
A*30:50,0,0
A*30:52,0,0
A*30:54,0,0
A*30:55,0,0
A*30:56,0,0
A*30:57,0,0
A*30:60,0,0
A*30:61,0,0
A*30:62,0,0
A*30:63,0,0
A*30:65,0,0
A*30:72,0,0
A*30:74,0,0
A*30:75,0,0
A*30:77,0,0
A*31:03,0,0
A*31:05,0,0
A*31:10,0,0
A*31:17,0,0
A*31:21,0,0
A*31:24,0,0
A*31:25,0,0
A*31:29,0,0
A*31:35,0,0
A*31:41,0,0
A*31:42,0,0
A*31:43,0,0
A*31:44,0,0
A*31:61,0,0
A*31:62,0,0
A*31:66,0,0
A*31:67,0,0
A*31:68,0,0
A*31:70,0,0
A*31:75,0,0
A*31:76,0,0
A*32:09,0,0
A*32:10,0,0
A*32:13,0,0
A*32:22,0,0
A*32:25,0,0
A*32:26,0,0
A*32:28,0,0
A*32:29,0,0
A*32:30,0,0
A*32:32,0,0
A*32:33,0,0
A*32:37,0,0
A*32:38,0,0
A*32:39,0,0
A*32:42,0,0
A*32:49,0,0
A*32:52,0,0
A*33:10,0,0
A*33:11,0,0
A*33:13,0,0
A*33:17,0,0
A*33:18,0,0
A*33:21,0,0
A*33:22,0,0
A*33:24,0,0
A*33:28,0,0
A*33:29,0,0
A*33:32,0,0
A*33:34,0,0
A*33:41,0,0
A*33:48,0,0
A*33:51,0,0
A*33:53,0,0
A*33:59,0,0
A*33:61,0,0
A*33:63,0,0
A*33:66,0,0
A*33:70,0,0
A*34:03,0,0
A*34:04,0,0
A*34:07,0,0
A*34:09,0,0
A*34:11,0,0
A*36:02,0,0
A*36:05,0,0
A*66:04,0,0
A*66:05,0,0
A*66:06,0,0
A*66:09,0,0
A*66:10,0,0
A*66:11,0,0
A*66:12,0,0
A*66:15,0,0
A*66:16,0,0
A*66:18,0,0
A*66:19,0,0
A*68:04,0,0
A*68:09,0,0
A*68:14,0,0
A*68:26,0,0
A*68:28,0,0
A*68:34,0,0
A*68:38,0,0
A*68:39,0,0
A*68:41,0,0
A*68:42,0,0
A*68:45,0,0
A*68:46,0,0
A*68:48,0,0
A*68:50,0,0
A*68:51,0,0
A*68:61,0,0
A*68:63,0,0
A*68:65,0,0
A*68:68,0,0
A*68:70,0,0
A*68:73,0,0
A*68:75,0,0
A*68:82,0,0
A*68:83,0,0
A*68:84,0,0
A*68:86,0,0
A*68:88,0,0
A*68:89,0,0
A*68:90,0,0
A*68:91,0,0
A*68:93,0,0
A*68:95,0,0
A*68:97,0,0
A*69:02,0,0
A*74:04,0,0
A*74:05,0,0
A*74:08,0,0
A*74:10,0,0
A*74:13,0,0
A*80:02,0,0
A*80:03,0,0
