allele,ZZ1,ZZ2,E9,Q10,V11,K12,H13,I67,L67,Q70,A71,R71,A74,T77,Y78,V86
DRB1*01:03,0.0,0.0,0,1,0,1,0,1,0,0,0,0,1,1,1,0
DRB1*01:04,0.0,0.0,0,1,0,1,0,0,1,1,0,1,1,0,1,1
DRB1*01:06,0.0,0.0,0,1,0,1,0,0,1,1,1,0,1,1,1,1
DRB1*01:07,0.0,0.0,0,0,0,1,0,0,1,1,0,1,1,1,1,0
DRB1*01:08,0.0,0.0,0,1,0,1,0,0,1,1,0,1,1,1,1,0
DRB1*01:09,0.0,0.0,0,1,0,1,0,0,1,1,1,0,1,1,1,0
DRB1*01:10,0.0,0.0,0,1,0,1,0,0,1,1,0,0,1,1,1,0
DRB1*01:11,0.0,0.0,0,1,0,1,0,0,1,1,0,1,1,0,1,0
DRB1*01:13,0.0,0.0,0,1,0,1,0,0,1,1,0,1,1,1,1,0
DRB1*01:14,0.0,0.0,0,1,0,1,0,0,1,1,0,1,1,1,1,0
DRB1*01:15,0.0,0.0,0,1,0,1,0,1,0,1,1,0,1,1,1,0
DRB1*01:16,0.0,0.0,0,1,0,1,0,0,1,1,0,0,0,0,1,0
DRB1*01:17,0.0,0.0,0,1,0,1,0,0,1,1,0,1,0,1,1,0
DRB1*01:18,0.0,0.0,0,1,0,1,0,0,1,1,0,1,1,1,1,0
DRB1*01:20,0.0,0.0,0,1,0,1,0,0,1,1,0,1,1,1,1,1
DRB1*01:21,0.0,0.0,0,1,0,1,0,0,1,1,0,1,1,1,0,0
DRB1*01:22,0.0,0.0,0,1,0,0,0,0,1,1,0,1,1,1,1,0
DRB1*01:23,0.0,0.0,0,1,0,1,0,0,1,0,0,1,1,1,1,1
DRB1*01:24,0.0,0.0,0,1,0,1,0,1,0,1,0,1,1,1,1,0
DRB1*01:26,0.0,0.0,0,1,0,1,0,0,1,1,0,1,1,1,1,1
DRB1*01:29,0.0,0.0,0,1,0,1,0,0,1,0,0,1,1,1,1,0
DRB1*01:34,0.0,0.0,0,1,0,1,0,0,1,1,0,1,1,1,1,1
DRB1*01:35,0.0,0.0,0,1,0,1,0,0,1,1,0,1,1,0,1,1
DRB1*01:37,0.0,0.0,0,1,0,1,0,0,1,1,0,1,1,1,1,0
DRB1*01:42,0.0,0.0,0,1,0,1,0,1,0,0,0,0,1,1,1,1
DRB1*01:43,0.0,0.0,0,1,0,1,0,0,1,1,0,1,1,1,1,1
DRB1*01:44,0.0,0.0,0,1,0,1,0,0,1,1,0,1,1,1,1,1
DRB1*01:49,0.0,0.0,0,0,0,1,0,0,1,1,0,1,1,1,1,0
DRB1*01:51,0.0,0.0,0,1,0,1,0,0,1,0,0,1,1,1,1,0
DRB1*01:54,0.0,0.0,0,1,0,1,0,1,0,1,0,1,1,1,1,1
DRB1*01:55,0.0,0.0,0,1,0,1,0,0,1,1,0,1,0,0,1,0
DRB1*01:56,0.0,0.0,0,1,0,1,0,0,1,1,0,1,1,1,1,0
DRB1*01:57,0.0,0.0,0,1,0,1,0,0,1,1,0,1,1,1,1,1
DRB1*01:59,0.0,0.0,0,1,0,1,0,0,1,1,0,1,0,1,1,0
DRB1*03:03,0.0,0.0,1,0,0,0,0,0,1,1,0,0,0,0,1,1
DRB1*03:04,0.0,0.0,1,0,0,0,0,0,1,1,0,0,0,0,1,1
DRB1*03:07,0.0,0.0,1,0,0,0,0,0,1,1,0,0,0,0,1,1
DRB1*03:08,0.0,0.0,1,0,0,0,0,0,1,1,0,0,0,0,1,1
DRB1*03:10,0.0,0.0,1,0,0,0,0,0,1,1,0,0,0,0,1,1
DRB1*03:11,0.0,0.0,1,0,0,0,0,0,1,1,0,0,0,0,1,1
DRB1*03:12,0.0,0.0,1,0,0,0,0,0,1,1,0,0,0,0,1,1
DRB1*03:13,0.0,0.0,1,0,0,0,0,0,1,1,0,0,0,0,1,1
DRB1*03:14,0.0,0.0,1,0,0,0,0,0,1,1,0,0,0,1,1,0
DRB1*03:15,0.0,0.0,1,0,0,0,0,0,1,1,0,0,0,1,1,1
DRB1*03:17,0.0,0.0,1,0,0,0,0,0,1,1,0,0,0,0,1,0
DRB1*03:19,0.0,0.0,1,0,0,0,0,1,0,1,0,0,0,0,1,1
DRB1*03:20,0.0,0.0,1,0,0,0,0,0,1,1,0,0,0,0,1,1
DRB1*03:21,0.0,0.0,1,0,0,0,0,0,1,1,0,0,0,0,1,1
DRB1*03:24,0.0,0.0,1,0,0,0,0,0,1,1,0,0,0,0,1,1
DRB1*03:25,0.0,0.0,1,0,0,0,0,0,1,1,0,0,0,0,1,1
DRB1*03:26,0.0,0.0,1,0,0,0,0,0,1,1,0,0,0,0,1,1
DRB1*03:27,0.0,0.0,1,0,0,0,0,0,1,1,0,0,0,0,1,0
DRB1*03:29,0.0,0.0,1,0,0,0,0,0,1,1,0,0,0,0,1,0
DRB1*03:30,0.0,0.0,1,0,0,0,0,0,1,1,0,0,0,0,1,1
DRB1*03:31,0.0,0.0,1,0,0,0,0,0,1,1,0,0,0,0,1,1
DRB1*03:33,0.0,0.0,1,0,0,0,0,0,1,1,0,0,0,0,1,1
DRB1*03:35,0.0,0.0,1,0,0,0,0,0,1,1,0,0,0,0,1,0
DRB1*03:36,0.0,0.0,1,0,0,0,0,0,1,1,0,0,0,0,1,1
DRB1*03:38,0.0,0.0,1,0,0,0,0,0,1,1,0,0,0,0,1,0
DRB1*03:40,0.0,0.0,1,0,0,0,0,0,1,1,0,0,0,0,1,0
DRB1*03:41,0.0,0.0,1,0,0,0,0,0,1,1,0,0,0,0,1,0
DRB1*03:42,0.0,0.0,1,0,0,1,0,0,1,1,0,0,0,0,1,1
DRB1*03:43,0.0,0.0,1,0,0,0,0,0,1,1,0,0,0,0,1,1
DRB1*03:44,0.0,0.0,1,0,0,0,0,0,1,1,0,0,0,0,1,1
DRB1*03:46,0.0,0.0,1,0,0,0,0,0,1,1,0,0,0,0,1,1
DRB1*03:48,0.0,0.0,1,0,0,0,0,0,1,1,0,0,0,0,1,1
DRB1*03:49,0.0,0.0,1,0,0,0,0,0,1,1,0,0,0,0,1,1
DRB1*03:52,0.0,0.0,1,0,0,0,0,0,1,1,0,0,0,0,1,1
DRB1*03:54,0.0,0.0,1,0,0,0,0,0,1,1,0,0,0,0,1,1
DRB1*03:58,0.0,0.0,1,0,0,0,0,0,0,1,0,0,0,0,1,1
DRB1*03:65,0.0,0.0,1,0,0,0,0,0,0,1,0,0,0,0,1,1
DRB1*03:71,0.0,0.0,1,0,0,0,0,0,1,1,0,0,0,0,1,1
DRB1*03:74,0.0,0.0,1,0,0,0,0,0,1,1,0,0,0,0,1,0
DRB1*03:75,0.0,0.0,1,0,0,0,0,0,1,1,0,0,0,0,1,1
DRB1*03:76,0.0,0.0,1,0,0,0,0,0,1,1,0,0,1,0,1,1
DRB1*03:78,0.0,0.0,1,0,0,0,0,0,1,1,0,0,0,0,1,1
DRB1*03:79,0.0,0.0,1,0,0,0,0,0,1,1,0,0,0,0,1,1
DRB1*03:81,0.0,0.0,1,0,0,0,0,0,1,1,0,0,0,0,1,0
DRB1*03:84,0.0,0.0,1,0,0,0,0,0,1,1,0,0,0,0,1,1
DRB1*03:87,0.0,0.0,1,0,0,1,0,0,1,1,0,0,0,0,1,1
DRB1*03:88,0.0,0.0,1,0,0,0,0,0,1,1,0,0,0,0,1,0
DRB1*03:90,0.0,0.0,1,0,0,0,0,0,1,1,0,0,0,1,1,0
DRB1*03:91,0.0,0.0,1,0,0,0,0,0,1,1,0,1,0,0,1,1
DRB1*03:92,0.0,0.0,1,0,0,0,0,0,1,1,0,0,0,0,1,1
DRB1*04:08,0.0,0.0,1,1,1,1,1,0,1,1,0,1,1,1,1,0
DRB1*04:09,0.0,0.0,1,1,1,1,1,0,1,1,0,0,1,1,1,0
DRB1*04:10,0.0,0.0,1,1,1,1,1,0,1,1,0,1,1,1,1,1
DRB1*04:100,0.0,0.0,1,1,1,1,1,1,0,1,0,0,0,1,1,1
DRB1*04:101,0.0,0.0,1,1,1,1,1,0,1,0,0,1,0,1,1,1
DRB1*04:102,0.0,0.0,1,1,1,1,1,0,1,1,0,1,0,1,1,0
DRB1*04:103,0.0,0.0,1,1,1,1,1,0,1,1,0,1,0,1,1,0
DRB1*04:105,0.0,0.0,1,1,1,1,1,1,0,1,1,0,1,1,1,0
DRB1*04:106,0.0,0.0,1,1,1,1,1,1,0,0,0,0,1,1,1,0
DRB1*04:107,0.0,0.0,1,1,1,1,1,1,0,1,0,1,1,1,1,0
DRB1*04:108,0.0,0.0,1,1,1,1,1,0,1,1,0,1,1,1,1,1
DRB1*04:11,0.0,0.0,1,1,1,1,1,0,1,1,0,1,0,1,1,1
DRB1*04:110,0.0,0.0,1,1,1,1,1,0,1,1,0,1,0,1,1,1
DRB1*04:113,0.0,0.0,1,1,1,1,1,0,1,1,0,0,1,1,1,0
DRB1*04:114,0.0,0.0,1,1,1,1,1,0,1,1,0,0,0,1,1,1
DRB1*04:12,0.0,0.0,1,1,1,1,1,1,0,0,0,1,0,1,1,1
DRB1*04:122,0.0,0.0,1,1,1,1,1,0,1,1,1,0,1,1,1,1
DRB1*04:123,0.0,0.0,1,1,1,1,1,0,1,1,0,0,1,1,1,0
DRB1*04:125,0.0,0.0,1,1,1,1,1,1,0,1,0,0,1,1,1,0
DRB1*04:126,0.0,0.0,1,1,1,1,1,0,1,1,0,1,0,1,1,1
DRB1*04:128,0.0,0.0,1,1,1,1,1,0,1,1,0,0,1,1,1,0
DRB1*04:13,0.0,0.0,1,1,1,1,1,0,1,1,0,0,1,1,1,1
DRB1*04:131,0.0,0.0,1,1,1,1,1,0,1,1,0,1,1,0,1,0
DRB1*04:132,0.0,0.0,1,1,1,1,1,0,1,0,0,0,1,1,1,0
DRB1*04:136,0.0,0.0,1,1,1,1,1,1,0,0,0,1,0,1,1,1
DRB1*04:138,0.0,0.0,1,1,1,1,1,1,0,0,0,0,1,1,1,1
DRB1*04:139,0.0,0.0,1,1,1,1,1,0,1,1,0,0,1,1,0,0
DRB1*04:14,0.0,0.0,1,1,1,1,1,1,0,0,0,0,1,1,1,0
DRB1*04:140,0.0,0.0,1,1,1,1,1,0,1,1,0,0,0,0,1,0
DRB1*04:143,0.0,0.0,1,1,1,1,1,0,0,0,0,0,1,1,1,1
DRB1*04:145,0.0,0.0,1,1,1,1,1,0,1,1,0,0,1,1,1,0
DRB1*04:146,0.0,0.0,1,1,1,1,1,0,1,1,0,1,0,1,1,1
DRB1*04:147,0.0,0.0,1,1,1,1,1,0,1,1,0,1,1,1,1,1
DRB1*04:15,0.0,0.0,1,1,1,1,1,0,0,0,0,1,1,1,1,1
DRB1*04:150,0.0,0.0,1,1,1,1,1,0,1,1,0,0,0,1,1,1
DRB1*04:152,0.0,0.0,1,1,1,1,1,0,1,1,0,1,1,1,1,0
DRB1*04:153,0.0,0.0,1,1,1,1,1,0,1,1,0,0,1,1,1,0
DRB1*04:154,0.0,0.0,1,1,1,1,1,0,1,1,0,1,0,1,1,1
DRB1*04:155,0.0,0.0,1,1,1,1,1,0,1,1,0,0,1,1,0,0
DRB1*04:160,0.0,0.0,1,1,1,1,0,0,1,1,0,1,0,1,1,0
DRB1*04:161,0.0,0.0,1,1,1,1,1,1,0,0,0,0,1,1,1,1
DRB1*04:163,0.0,0.0,1,1,1,1,1,0,1,1,0,1,0,1,1,1
DRB1*04:17,0.0,0.0,1,1,1,1,1,0,1,1,0,1,0,1,1,0
DRB1*04:18,0.0,0.0,1,1,1,1,1,1,0,0,0,1,0,1,1,1
DRB1*04:19,0.0,0.0,1,1,1,1,1,0,1,1,0,1,1,1,1,0
DRB1*04:20,0.0,0.0,1,1,1,1,1,0,1,1,0,1,0,1,1,0
DRB1*04:21,0.0,0.0,1,1,1,1,1,0,1,1,0,0,1,1,1,0
DRB1*04:22,0.0,0.0,1,1,1,1,1,0,1,1,0,0,0,0,1,1
DRB1*04:24,0.0,0.0,1,1,1,1,1,0,1,0,0,1,1,1,1,0
DRB1*04:25,0.0,0.0,1,1,1,1,1,0,0,0,0,1,0,1,1,1
DRB1*04:26,0.0,0.0,1,1,1,1,1,0,1,1,0,0,1,1,1,0
DRB1*04:27,0.0,0.0,1,1,1,1,1,0,1,1,0,1,0,1,1,1
DRB1*04:28,0.0,0.0,1,1,1,1,1,0,1,1,0,1,1,1,1,0
DRB1*04:31,0.0,0.0,1,1,1,1,1,0,1,1,0,1,0,1,1,0
DRB1*04:34,0.0,0.0,1,1,1,1,0,0,1,1,0,0,1,1,1,0
DRB1*04:35,0.0,0.0,1,1,1,1,1,0,1,1,0,0,1,1,1,0
DRB1*04:36,0.0,0.0,1,1,1,1,1,0,0,0,0,1,1,1,1,1
DRB1*04:37,0.0,0.0,1,1,1,1,1,0,1,0,0,0,1,1,1,1
DRB1*04:38,0.0,0.0,1,1,1,1,1,1,0,1,0,0,1,1,1,0
DRB1*04:40,0.0,0.0,1,1,1,1,1,0,1,1,0,1,1,1,1,1
DRB1*04:41,0.0,0.0,1,1,1,1,1,0,1,1,0,1,0,1,1,1
DRB1*04:42,0.0,0.0,1,1,1,1,1,0,1,1,0,1,1,1,1,1
DRB1*04:43,0.0,0.0,1,1,1,1,1,0,1,1,0,1,1,1,1,0
DRB1*04:44,0.0,0.0,1,1,1,1,1,0,1,1,0,1,1,0,1,1
DRB1*04:47,0.0,0.0,1,1,1,1,1,0,0,0,0,1,1,1,1,0
DRB1*04:48,0.0,0.0,1,1,1,1,1,0,1,1,0,1,1,1,1,0
DRB1*04:49,0.0,0.0,1,1,0,1,1,0,1,1,0,1,0,1,1,1
DRB1*04:50,0.0,0.0,1,1,1,1,1,0,1,1,0,1,0,1,0,1
DRB1*04:53,0.0,0.0,1,1,1,1,1,1,0,0,0,1,1,1,1,1
DRB1*04:54,0.0,0.0,1,1,1,1,1,0,0,0,0,1,0,1,1,0
DRB1*04:55,0.0,0.0,1,1,1,1,1,0,1,1,0,1,0,1,1,1
DRB1*04:56,0.0,0.0,1,1,1,1,1,1,0,1,0,1,1,1,1,1
DRB1*04:57,0.0,0.0,1,1,1,1,1,0,1,1,0,1,1,1,1,0
DRB1*04:58,0.0,0.0,1,1,1,1,1,0,1,0,0,1,0,1,1,1
DRB1*04:61,0.0,0.0,1,1,1,1,1,0,1,1,0,1,1,1,1,0
DRB1*04:62,0.0,0.0,1,1,1,1,1,0,1,1,0,0,1,1,1,0
DRB1*04:63,0.0,0.0,1,1,1,1,1,0,1,1,0,0,1,1,1,0
DRB1*04:64,0.0,0.0,1,1,1,1,0,0,1,1,0,0,1,1,1,0
DRB1*04:65,0.0,0.0,1,1,1,1,1,0,1,1,0,0,0,1,1,1
DRB1*04:66,0.0,0.0,1,1,0,1,0,0,1,1,0,0,1,1,1,0
DRB1*04:67,0.0,0.0,1,1,1,1,1,0,1,1,0,0,1,1,1,1
DRB1*04:68,0.0,0.0,1,1,1,1,1,0,1,1,0,1,1,1,1,1
DRB1*04:69,0.0,0.0,1,1,1,1,1,0,1,0,0,1,0,1,1,0
DRB1*04:72,0.0,0.0,1,1,1,1,1,0,1,1,0,0,1,0,1,0
DRB1*04:73,0.0,0.0,1,1,1,1,1,1,0,1,1,0,1,1,1,1
DRB1*04:74,0.0,0.0,1,1,1,1,1,0,1,1,0,1,0,0,1,0
DRB1*04:75,0.0,0.0,1,1,1,1,1,0,1,1,0,0,1,1,1,0
DRB1*04:77,0.0,0.0,1,1,1,1,1,0,1,1,0,1,1,1,1,0
DRB1*04:78,0.0,0.0,1,1,1,1,1,0,1,0,0,1,0,1,1,1
DRB1*04:79,0.0,0.0,1,1,1,1,1,0,1,1,0,1,1,1,1,1
DRB1*04:80,0.0,0.0,1,1,1,1,1,0,0,1,0,1,1,1,1,0
DRB1*04:82,0.0,0.0,1,1,1,1,1,1,0,0,0,1,1,1,1,0
DRB1*04:83,0.0,0.0,1,1,1,1,1,0,1,1,0,1,1,1,1,0
DRB1*04:84,0.0,0.0,1,1,1,1,1,0,1,1,0,1,1,1,1,0
DRB1*04:86,0.0,0.0,1,1,1,1,1,1,0,0,0,1,0,1,1,0
DRB1*04:88,0.0,0.0,1,1,1,1,1,1,0,1,0,1,0,1,1,1
DRB1*04:90,0.0,0.0,1,1,1,1,1,0,1,1,0,1,1,1,0,0
DRB1*04:91,0.0,0.0,1,1,1,1,1,0,1,1,0,1,0,1,1,1
DRB1*04:93,0.0,0.0,1,1,1,1,1,0,0,1,0,1,0,1,1,1
DRB1*04:95,0.0,0.0,1,1,1,1,1,0,1,1,0,1,0,0,1,1
DRB1*04:98,0.0,0.0,1,1,1,1,1,0,1,1,0,0,0,1,1,0
DRB1*04:99,0.0,0.0,1,1,1,1,1,1,0,0,0,1,1,1,1,1
DRB1*07:04,0.0,0.0,0,1,0,1,0,1,0,0,0,1,0,0,1,0
DRB1*07:06,0.0,0.0,0,1,0,1,0,1,0,0,0,1,0,1,0,0
DRB1*07:08,0.0,0.0,0,1,0,1,0,1,0,0,0,1,0,1,0,0
DRB1*07:09,0.0,0.0,0,1,0,1,0,1,0,0,0,1,0,1,0,0
DRB1*07:11,0.0,0.0,0,1,0,1,0,1,0,0,0,1,0,1,1,0
DRB1*07:12,0.0,0.0,0,1,0,1,0,1,0,0,0,1,0,1,0,0
DRB1*07:18,0.0,0.0,0,1,0,1,0,1,0,0,0,1,0,1,0,0
DRB1*07:20,0.0,0.0,0,1,0,1,0,1,0,0,0,1,0,1,0,0
DRB1*07:22,0.0,0.0,0,1,0,1,0,1,0,0,0,1,0,1,0,0
DRB1*07:23,0.0,0.0,0,0,0,1,0,1,0,0,0,1,0,1,0,0
DRB1*07:24,0.0,0.0,0,1,0,1,0,1,0,0,0,1,0,1,0,1
DRB1*07:25,0.0,0.0,0,1,0,1,0,1,0,0,0,1,0,1,0,0
DRB1*08:04,0.0,0.0,1,0,0,0,0,0,0,0,0,1,0,1,1,1
DRB1*08:05,0.0,0.0,1,0,0,0,0,0,0,0,0,1,1,1,1,0
DRB1*08:07,0.0,0.0,1,0,0,0,0,0,0,0,0,1,0,1,1,0
DRB1*08:08,0.0,0.0,1,0,0,0,0,0,0,0,0,1,0,1,1,0
DRB1*08:09,0.0,0.0,1,0,0,0,0,0,0,0,0,1,0,1,1,0
DRB1*08:10,0.0,0.0,1,0,0,0,0,1,0,0,0,1,0,1,1,1
DRB1*08:11,0.0,0.0,1,0,0,0,0,0,0,0,0,1,0,1,1,0
DRB1*08:12,0.0,0.0,1,0,0,0,0,1,0,0,0,1,0,1,1,1
DRB1*08:13,0.0,0.0,1,0,0,0,0,0,1,0,0,1,0,1,1,0
DRB1*08:14,0.0,0.0,1,0,0,0,0,1,0,0,0,1,0,1,1,0
DRB1*08:15,0.0,0.0,1,0,0,0,0,1,0,0,0,1,0,1,1,0
DRB1*08:16,0.0,0.0,1,0,0,0,0,0,0,0,0,1,0,1,1,0
DRB1*08:17,0.0,0.0,1,0,0,0,0,0,0,0,0,1,0,1,1,0
DRB1*08:18,0.0,0.0,1,0,0,0,0,1,0,0,0,1,1,1,1,0
DRB1*08:19,0.0,0.0,1,0,0,0,0,1,0,0,0,1,0,1,1,0
DRB1*08:20,0.0,0.0,1,0,0,0,0,0,0,0,0,1,0,1,1,1
DRB1*08:21,0.0,0.0,1,0,0,0,0,0,0,0,0,1,0,1,1,0
DRB1*08:22,0.0,0.0,1,0,0,0,0,0,0,0,0,1,0,1,1,1
DRB1*08:24,0.0,0.0,1,0,0,0,0,0,0,0,0,1,1,1,1,0
DRB1*08:25,0.0,0.0,1,0,0,0,0,1,0,0,0,1,1,1,1,0
DRB1*08:26,0.0,0.0,1,0,0,0,0,0,0,0,0,1,0,1,1,0
DRB1*08:28,0.0,0.0,1,0,0,0,0,0,0,0,0,1,0,1,1,1
DRB1*08:29,0.0,0.0,1,0,0,0,0,1,0,0,0,1,0,1,1,0
DRB1*08:30,0.0,0.0,1,0,0,0,0,1,0,0,0,1,0,1,1,0
DRB1*08:31,0.0,0.0,1,0,0,0,0,0,0,0,0,1,1,1,1,1
DRB1*08:32,0.0,0.0,1,0,0,0,0,1,0,0,0,1,0,1,1,0
DRB1*08:34,0.0,0.0,1,0,0,0,0,1,0,0,0,1,0,1,1,0
DRB1*08:35,0.0,0.0,1,0,0,0,0,1,0,0,0,1,0,1,1,0
DRB1*08:36,0.0,0.0,1,0,0,0,0,1,0,0,0,1,0,1,1,0
DRB1*08:37,0.0,0.0,1,0,0,0,0,1,0,0,0,1,0,1,1,0
DRB1*08:38,0.0,0.0,1,0,0,0,0,1,0,0,0,1,0,1,1,0
DRB1*08:40,0.0,0.0,1,0,0,0,0,1,0,0,0,0,1,1,1,0
DRB1*08:41,0.0,0.0,1,0,0,0,0,0,0,0,0,1,1,1,1,0
DRB1*08:42,0.0,0.0,1,0,0,0,0,0,0,0,0,1,0,1,1,0
DRB1*08:45,0.0,0.0,1,0,0,0,0,1,0,0,0,1,0,1,1,0
DRB1*08:46,0.0,0.0,1,0,0,0,0,1,0,0,0,1,0,1,1,0
DRB1*08:47,0.0,0.0,1,0,0,0,0,1,0,0,0,1,1,1,1,0
DRB1*08:48,0.0,0.0,1,0,0,0,0,0,1,0,0,1,0,1,1,0
DRB1*08:52,0.0,0.0,1,0,0,0,0,0,0,0,0,1,0,1,1,0
DRB1*08:53,0.0,0.0,1,0,0,0,0,1,0,0,0,1,0,1,1,0
DRB1*09:02,0.0,0.0,0,1,0,1,0,0,0,0,0,1,0,1,0,0
DRB1*09:03,0.0,0.0,0,1,0,1,0,0,0,0,0,1,0,1,0,0
DRB1*09:04,0.0,0.0,0,1,0,1,0,0,1,0,0,1,0,1,0,0
DRB1*09:05,0.0,0.0,0,1,0,1,0,0,0,0,0,1,0,1,1,0
DRB1*09:06,0.0,0.0,0,1,0,1,0,0,0,0,0,1,0,1,0,1
DRB1*09:07,0.0,0.0,0,1,0,1,0,0,0,0,0,1,0,1,0,0
DRB1*09:08,0.0,0.0,0,1,0,1,0,0,0,0,0,1,0,1,0,0
DRB1*09:10,0.0,0.0,0,1,0,1,0,0,0,0,0,1,0,1,0,0
DRB1*09:12,0.0,0.0,0,1,0,0,0,0,0,0,0,1,0,1,0,0
DRB1*09:16,0.0,0.0,0,1,0,1,0,0,0,0,0,1,0,1,0,0
DRB1*09:20,0.0,0.0,0,1,0,1,0,0,0,0,0,1,0,1,0,0
DRB1*10:02,0.0,0.0,1,0,1,1,0,0,1,0,0,1,1,1,1,1
DRB1*10:03,0.0,0.0,1,0,1,1,0,0,1,0,0,1,1,1,1,0
DRB1*10:04,0.0,0.0,1,0,1,1,0,0,1,1,0,1,1,1,1,0
DRB1*10:05,0.0,0.0,1,0,1,1,0,0,1,0,0,1,1,1,1,0
DRB1*11:03,0.0,0.0,1,0,0,0,0,0,0,0,0,0,1,1,1,1
DRB1*11:05,0.0,0.0,1,0,0,0,0,0,0,0,0,1,1,1,1,0
DRB1*11:07,0.0,0.0,1,0,0,0,0,0,1,1,0,0,0,0,1,1
DRB1*11:08,0.0,0.0,1,0,0,0,0,0,1,0,0,1,1,1,1,0
DRB1*11:09,0.0,0.0,1,0,0,0,0,0,0,0,0,1,1,1,1,0
DRB1*11:10,0.0,0.0,1,0,0,0,0,0,0,0,0,1,1,1,1,0
DRB1*11:102,0.0,0.0,1,0,0,0,0,0,0,0,0,1,1,1,1,1
DRB1*11:103,0.0,0.0,1,0,0,0,0,0,1,1,0,0,0,0,1,0
DRB1*11:104,0.0,0.0,1,0,0,0,0,0,0,0,0,1,1,1,1,1
DRB1*11:105,0.0,0.0,1,0,0,0,0,0,1,1,0,0,0,1,1,0
DRB1*11:107,0.0,0.0,1,0,0,0,0,0,1,1,0,0,0,0,1,0
DRB1*11:11,0.0,0.0,1,0,0,0,0,0,0,0,0,0,1,1,1,0
DRB1*11:110,0.0,0.0,1,0,0,0,0,0,0,0,0,1,1,1,1,0
DRB1*11:113,0.0,0.0,1,0,0,0,0,0,0,0,0,1,1,1,1,1
DRB1*11:114,0.0,0.0,1,0,0,0,0,0,0,0,0,1,1,1,1,0
DRB1*11:116,0.0,0.0,1,0,0,0,0,0,0,0,0,1,1,1,1,1
DRB1*11:118,0.0,0.0,1,0,0,0,0,1,0,0,0,0,1,1,1,1
DRB1*11:119,0.0,0.0,1,0,0,0,0,1,0,0,0,1,0,1,1,1
DRB1*11:12,0.0,0.0,1,0,0,0,0,0,0,0,0,1,1,1,1,0
DRB1*11:120,0.0,0.0,1,0,0,0,0,0,0,0,0,1,1,1,1,0
DRB1*11:121,0.0,0.0,1,0,0,0,0,0,0,0,0,1,1,1,1,0
DRB1*11:122,0.0,0.0,1,0,0,0,0,0,0,0,0,0,1,1,1,0
DRB1*11:124,0.0,0.0,1,0,0,0,0,1,0,0,0,0,1,0,1,1
DRB1*11:125,0.0,0.0,1,0,0,0,0,0,0,1,0,0,0,0,1,0
DRB1*11:127,0.0,0.0,1,0,0,0,0,1,0,0,0,0,1,1,1,1
DRB1*11:13,0.0,0.0,1,0,0,0,0,0,1,0,0,1,1,1,1,1
DRB1*11:131,0.0,0.0,1,0,0,0,0,0,1,1,0,0,1,1,1,1
DRB1*11:132,0.0,0.0,1,0,0,0,0,1,0,0,0,0,1,1,1,1
DRB1*11:134,0.0,0.0,1,0,0,0,0,0,0,0,0,1,1,1,1,0
DRB1*11:135,0.0,0.0,1,0,0,0,0,0,0,0,0,1,1,1,1,1
DRB1*11:136,0.0,0.0,1,0,0,0,0,0,1,1,0,0,0,0,1,0
DRB1*11:137,0.0,0.0,1,0,0,0,0,0,0,0,0,1,1,0,1,1
DRB1*11:138,0.0,0.0,1,0,0,0,0,0,0,0,0,0,1,0,1,1
DRB1*11:139,0.0,0.0,1,0,0,0,0,0,0,0,0,0,1,1,1,1
DRB1*11:14,0.0,0.0,1,0,0,0,0,1,0,0,0,0,1,1,1,0
DRB1*11:142,0.0,0.0,1,0,0,0,0,0,0,0,0,1,1,1,1,0
DRB1*11:143,0.0,0.0,1,0,0,0,0,0,0,0,0,1,1,1,1,0
DRB1*11:144,0.0,0.0,1,0,0,0,0,0,0,0,0,1,1,1,1,0
DRB1*11:15,0.0,0.0,1,0,0,0,0,0,0,0,0,1,1,1,1,0
DRB1*11:16,0.0,0.0,1,0,0,0,0,1,0,0,0,0,1,1,1,1
DRB1*11:17,0.0,0.0,1,0,0,0,0,0,1,0,0,1,0,1,1,1
DRB1*11:18,0.0,0.0,1,0,0,0,0,1,0,0,0,1,1,1,1,1
DRB1*11:19,0.0,0.0,1,0,0,0,0,1,0,0,0,1,1,1,1,0
DRB1*11:20,0.0,0.0,1,0,0,0,0,1,0,0,0,0,1,1,1,0
DRB1*11:21,0.0,0.0,1,0,0,0,0,1,0,0,0,0,1,1,1,1
DRB1*11:22,0.0,0.0,1,1,1,1,1,0,0,0,0,1,1,1,1,0
DRB1*11:23,0.0,0.0,1,0,0,0,0,0,0,0,0,1,0,1,1,0
DRB1*11:24,0.0,0.0,1,0,0,0,0,0,0,0,0,1,1,1,1,0
DRB1*11:25,0.0,0.0,1,0,0,0,0,0,0,0,0,1,0,1,1,1
DRB1*11:26,0.0,0.0,1,0,0,0,0,0,1,1,0,1,1,1,1,0
DRB1*11:27,0.0,0.0,1,0,0,0,0,0,0,0,0,1,1,0,1,0
DRB1*11:28,0.0,0.0,1,0,0,0,0,0,0,0,0,1,1,1,1,0
DRB1*11:29,0.0,0.0,1,0,0,0,0,0,0,0,0,1,1,1,1,0
DRB1*11:30,0.0,0.0,1,0,0,1,0,0,0,0,0,1,1,1,1,0
DRB1*11:31,0.0,0.0,1,0,0,0,0,1,0,0,0,1,1,1,1,0
DRB1*11:32,0.0,0.0,1,0,0,0,0,0,0,0,0,1,0,1,1,0
DRB1*11:34,0.0,0.0,1,0,0,0,0,0,1,1,0,1,1,1,1,1
DRB1*11:36,0.0,0.0,1,0,0,0,0,0,1,0,0,0,1,1,1,1
DRB1*11:40,0.0,0.0,1,0,0,0,0,0,0,0,0,0,1,1,1,1
DRB1*11:41,0.0,0.0,1,0,0,0,0,0,0,0,0,0,1,1,1,1
DRB1*11:44,0.0,0.0,1,0,0,0,0,0,0,0,0,1,1,1,1,1
DRB1*11:45,0.0,0.0,1,0,0,0,0,1,0,0,0,1,0,1,1,0
DRB1*11:46,0.0,0.0,1,0,0,0,0,0,0,0,0,1,1,1,1,1
DRB1*11:47,0.0,0.0,1,0,0,0,0,0,0,0,0,1,1,1,1,1
DRB1*11:48,0.0,0.0,1,0,0,0,0,1,0,0,0,0,1,1,1,1
DRB1*11:49,0.0,0.0,1,0,0,0,0,0,0,0,0,1,1,1,1,0
DRB1*11:50,0.0,0.0,1,0,0,0,0,0,0,0,0,1,1,1,1,1
DRB1*11:52,0.0,0.0,1,0,0,0,0,0,1,0,0,1,0,1,1,1
DRB1*11:53,0.0,0.0,1,0,0,0,0,0,0,1,0,0,0,1,1,0
DRB1*11:54,0.0,0.0,1,0,0,0,0,0,0,0,0,1,0,1,1,1
DRB1*11:55,0.0,0.0,1,0,0,0,0,0,0,0,0,0,0,1,1,1
DRB1*11:57,0.0,0.0,1,0,0,0,0,0,1,0,0,1,1,1,1,1
DRB1*11:59,0.0,0.0,1,0,0,0,0,0,0,0,0,0,1,1,1,1
DRB1*11:62,0.0,0.0,1,0,0,0,0,0,0,0,0,1,1,1,1,0
DRB1*11:63,0.0,0.0,1,0,0,0,0,0,0,0,0,0,1,1,1,1
DRB1*11:64,0.0,0.0,1,0,0,0,0,0,1,0,0,1,0,1,1,0
DRB1*11:67,0.0,0.0,1,0,0,0,0,0,0,0,0,1,0,1,1,1
DRB1*11:68,0.0,0.0,1,0,0,0,0,0,1,0,0,0,1,1,1,0
DRB1*11:69,0.0,0.0,1,0,0,0,0,0,0,1,1,0,1,1,1,0
DRB1*11:70,0.0,0.0,1,0,0,0,0,1,0,0,0,0,0,1,1,1
DRB1*11:72,0.0,0.0,1,0,0,0,0,0,0,0,0,1,1,1,1,0
DRB1*11:73,0.0,0.0,1,0,0,0,0,1,0,0,0,0,1,1,1,0
DRB1*11:76,0.0,0.0,1,0,0,0,0,0,0,0,0,0,1,1,1,1
DRB1*11:79,0.0,0.0,1,0,0,0,0,0,1,1,0,0,1,1,1,0
DRB1*11:80,0.0,0.0,1,0,0,0,0,0,0,0,0,1,1,1,1,0
DRB1*11:82,0.0,0.0,1,0,0,0,0,1,0,1,1,0,1,1,1,0
DRB1*11:83,0.0,0.0,1,0,0,0,0,0,0,0,0,1,1,1,1,1
DRB1*11:84,0.0,0.0,1,0,0,0,0,0,0,0,0,1,1,0,1,1
DRB1*11:85,0.0,0.0,1,0,0,0,0,0,0,0,0,0,1,1,1,1
DRB1*11:86,0.0,0.0,1,0,0,0,0,1,0,0,0,0,1,1,1,0
DRB1*11:87,0.0,0.0,1,0,0,0,0,0,0,0,0,1,1,1,1,0
DRB1*11:89,0.0,0.0,1,0,0,0,0,0,0,0,0,1,0,1,1,1
DRB1*11:92,0.0,0.0,1,0,0,0,0,0,0,0,0,1,1,1,1,1
DRB1*11:93,0.0,0.0,1,0,0,0,0,0,0,0,0,0,1,1,1,0
DRB1*11:95,0.0,0.0,1,0,0,0,0,0,0,0,0,1,1,1,1,0
DRB1*11:96,0.0,0.0,1,0,0,0,0,0,0,0,0,1,1,1,1,0
DRB1*11:98,0.0,0.0,1,0,0,0,0,1,0,0,0,0,1,1,1,1
DRB1*11:99,0.0,0.0,1,0,0,0,0,0,0,0,0,1,1,1,1,0
DRB1*12:03,0.0,0.0,1,0,0,0,0,1,0,0,0,1,1,1,1,1
DRB1*12:04,0.0,0.0,1,0,0,0,0,1,0,0,0,1,1,1,1,1
DRB1*12:05,0.0,0.0,1,0,0,0,0,1,0,0,0,1,1,1,1,1
DRB1*12:08,0.0,0.0,1,0,0,0,0,1,0,0,0,1,1,1,1,1
DRB1*12:09,0.0,0.0,1,0,0,0,0,1,0,0,0,1,1,1,1,1
DRB1*12:11,0.0,0.0,1,0,0,0,0,1,0,0,0,1,1,1,1,1
DRB1*12:12,0.0,0.0,1,0,0,0,0,0,1,0,0,1,1,1,1,1
DRB1*12:14,0.0,0.0,1,0,0,0,0,1,0,0,0,1,1,1,1,1
DRB1*12:15,0.0,0.0,1,0,0,0,0,0,0,0,0,1,1,1,1,1
DRB1*12:16,0.0,0.0,1,0,0,0,0,0,0,0,0,1,1,1,1,0
DRB1*12:19,0.0,0.0,1,0,0,0,0,0,0,0,0,1,1,1,1,1
DRB1*12:20,0.0,0.0,1,0,0,0,0,0,0,0,0,1,1,1,1,1
DRB1*12:21,0.0,0.0,1,0,0,0,0,0,0,0,0,1,1,1,1,1
DRB1*12:22,0.0,0.0,1,0,0,0,0,1,0,0,0,1,1,0,1,0
DRB1*12:26,0.0,0.0,1,0,0,0,0,0,0,0,0,1,1,1,1,1
DRB1*12:27,0.0,0.0,1,0,0,0,0,0,0,0,0,1,1,1,1,1
DRB1*12:28,0.0,0.0,1,0,0,0,0,1,0,0,0,1,1,1,1,1
DRB1*12:32,0.0,0.0,1,0,0,0,0,0,0,0,0,1,1,1,1,1
DRB1*12:36,0.0,0.0,1,0,0,0,0,1,0,0,0,1,1,1,1,1
DRB1*12:38,0.0,0.0,1,0,0,0,0,1,0,0,0,1,1,1,1,1
DRB1*12:39,0.0,0.0,1,0,0,0,0,1,0,0,0,1,1,1,1,0
DRB1*13:04,0.0,0.0,1,0,0,0,0,1,0,0,0,0,1,1,1,1
DRB1*13:05,0.0,0.0,1,0,0,0,0,0,0,0,0,1,1,1,1,0
DRB1*13:06,0.0,0.0,1,0,0,0,0,1,0,0,0,1,1,1,1,1
DRB1*13:07,0.0,0.0,1,0,0,0,0,0,0,0,0,1,1,1,1,0
DRB1*13:08,0.0,0.0,1,0,0,0,0,1,0,0,0,0,1,1,1,1
DRB1*13:09,0.0,0.0,1,0,0,0,0,1,0,1,1,0,1,1,1,1
DRB1*13:10,0.0,0.0,1,0,0,0,0,1,0,0,0,0,1,1,1,1
DRB1*13:100,0.0,0.0,1,0,0,0,0,0,0,0,0,1,1,1,1,0
DRB1*13:101,0.0,0.0,1,0,0,0,0,1,0,0,0,0,1,1,1,0
DRB1*13:102,0.0,0.0,1,0,0,0,0,1,0,0,0,0,1,1,1,1
DRB1*13:103,0.0,0.0,1,0,0,0,0,1,0,0,0,0,1,1,1,0
DRB1*13:104,0.0,0.0,1,0,0,0,0,1,0,0,0,0,1,1,1,0
DRB1*13:106,0.0,0.0,1,0,0,0,0,1,0,0,0,0,1,1,1,1
DRB1*13:107,0.0,0.0,1,0,0,0,0,1,0,0,0,0,1,1,1,0
DRB1*13:108,0.0,0.0,1,0,0,0,0,0,0,0,0,1,1,1,1,1
DRB1*13:111,0.0,0.0,1,0,0,0,0,0,0,0,0,0,1,1,1,1
DRB1*13:114,0.0,0.0,1,0,0,0,0,0,0,0,0,0,1,1,1,1
DRB1*13:115,0.0,0.0,1,0,0,0,0,1,0,0,0,0,1,1,1,0
DRB1*13:116,0.0,0.0,1,0,0,0,0,1,0,0,0,0,1,1,1,1
DRB1*13:119,0.0,0.0,1,0,0,0,0,0,1,0,0,1,0,1,1,0
DRB1*13:120,0.0,0.0,1,0,0,0,0,1,0,0,0,0,1,1,1,0
DRB1*13:121,0.0,0.0,1,0,0,0,0,1,0,0,0,0,1,1,1,1
DRB1*13:123,0.0,0.0,1,0,0,0,0,1,0,0,0,0,1,1,1,0
DRB1*13:124,0.0,0.0,1,0,0,0,0,1,0,0,0,0,1,1,1,0
DRB1*13:125,0.0,0.0,1,0,0,0,0,1,0,0,0,0,1,1,1,1
DRB1*13:127,0.0,0.0,1,0,0,0,0,1,0,0,0,0,1,1,1,1
DRB1*13:129,0.0,0.0,1,0,0,0,0,1,0,1,1,0,1,1,1,1
DRB1*13:13,0.0,0.0,1,0,0,0,0,1,0,0,0,1,0,1,1,0
DRB1*13:132,0.0,0.0,1,0,0,0,0,0,0,0,0,1,1,1,1,0
DRB1*13:133,0.0,0.0,1,0,0,0,0,1,0,0,0,0,1,1,1,0
DRB1*13:134,0.0,0.0,1,0,0,0,0,0,1,0,0,1,1,1,1,0
DRB1*13:135,0.0,0.0,1,0,0,0,0,1,0,0,0,0,1,1,1,0
DRB1*13:136,0.0,0.0,1,0,0,0,0,0,0,0,0,1,1,1,1,0
DRB1*13:138,0.0,0.0,1,0,0,0,0,1,0,0,0,0,1,1,1,1
DRB1*13:139,0.0,0.0,1,0,0,0,0,1,0,0,0,0,1,1,1,0
DRB1*13:14,0.0,0.0,1,0,0,0,0,0,0,0,0,1,1,1,1,0
DRB1*13:143,0.0,0.0,1,0,0,0,0,1,0,0,0,0,1,1,1,0
DRB1*13:144,0.0,0.0,1,0,0,0,0,0,0,0,0,1,0,1,1,1
DRB1*13:145,0.0,0.0,1,0,0,0,0,1,0,0,0,0,1,1,1,0
DRB1*13:146,0.0,0.0,1,0,0,0,0,1,0,0,0,0,0,1,1,1
DRB1*13:149,0.0,0.0,1,0,0,0,0,0,1,0,0,0,1,1,1,1
DRB1*13:15,0.0,0.0,1,0,0,0,0,1,0,0,0,0,1,1,1,1
DRB1*13:151,0.0,0.0,1,0,0,0,0,1,0,0,0,0,1,1,1,0
DRB1*13:152,0.0,0.0,1,0,0,0,0,1,0,0,0,0,1,1,1,0
DRB1*13:154,0.0,0.0,1,0,0,0,0,1,0,0,0,1,0,1,1,0
DRB1*13:156,0.0,0.0,1,0,0,0,0,1,0,0,0,1,0,1,1,1
DRB1*13:157,0.0,0.0,1,0,0,0,0,1,0,0,0,1,1,1,1,0
DRB1*13:158,0.0,0.0,1,0,0,0,0,0,0,0,0,1,0,1,1,0
DRB1*13:159,0.0,0.0,1,0,0,0,0,1,0,0,0,0,1,1,1,0
DRB1*13:160,0.0,0.0,1,0,0,0,0,1,0,0,0,0,1,1,1,1
DRB1*13:162,0.0,0.0,1,0,0,0,0,1,0,0,0,0,1,1,1,1
DRB1*13:163,0.0,0.0,1,0,0,0,0,1,0,0,0,1,1,1,1,1
DRB1*13:164,0.0,0.0,1,0,0,0,0,0,0,0,0,1,0,1,1,1
DRB1*13:17,0.0,0.0,1,0,0,0,0,1,0,0,0,0,1,1,1,1
DRB1*13:18,0.0,0.0,1,0,0,0,0,0,0,0,0,1,0,1,1,1
DRB1*13:19,0.0,0.0,1,0,0,0,0,1,0,0,0,0,1,1,1,1
DRB1*13:20,0.0,0.0,1,0,0,0,0,0,1,0,0,0,1,1,1,1
DRB1*13:21,0.0,0.0,1,0,0,0,0,0,0,0,0,1,1,1,1,0
DRB1*13:22,0.0,0.0,1,0,0,0,0,1,0,0,0,0,1,1,1,1
DRB1*13:23,0.0,0.0,1,0,0,0,0,1,0,0,0,0,1,1,1,0
DRB1*13:24,0.0,0.0,1,0,0,0,0,0,0,0,0,0,1,1,1,1
DRB1*13:25,0.0,0.0,1,0,0,0,0,0,1,0,0,1,1,1,1,0
DRB1*13:26,0.0,0.0,1,0,0,0,0,0,0,0,0,1,1,1,1,0
DRB1*13:27,0.0,0.0,1,0,0,0,0,1,0,0,0,0,1,1,1,1
DRB1*13:29,0.0,0.0,1,0,0,0,0,0,1,0,0,0,1,1,1,0
DRB1*13:30,0.0,0.0,1,0,0,0,0,1,0,0,0,1,1,1,1,0
DRB1*13:31,0.0,0.0,1,0,0,0,0,1,0,0,0,0,1,1,1,0
DRB1*13:32,0.0,0.0,1,0,0,0,0,1,0,0,0,0,1,1,1,1
DRB1*13:33,0.0,0.0,1,0,0,0,0,1,0,0,0,0,1,0,1,0
DRB1*13:34,0.0,0.0,1,0,0,0,0,1,0,0,0,0,1,1,1,0
DRB1*13:36,0.0,0.0,1,0,0,0,0,1,0,0,0,0,1,1,1,0
DRB1*13:37,0.0,0.0,1,0,0,0,0,1,0,0,0,0,1,1,1,0
DRB1*13:38,0.0,0.0,1,0,0,0,0,1,0,0,0,0,1,1,1,0
DRB1*13:39,0.0,0.0,1,0,0,0,0,1,0,0,0,0,1,1,1,0
DRB1*13:40,0.0,0.0,1,0,0,0,0,1,0,0,0,0,1,1,1,1
DRB1*13:41,0.0,0.0,1,0,0,0,0,1,0,0,0,0,1,1,1,0
DRB1*13:42,0.0,0.0,1,0,0,0,0,0,0,0,0,1,1,1,1,1
DRB1*13:43,0.0,0.0,1,0,0,0,0,0,1,0,0,0,1,1,1,1
DRB1*13:44,0.0,0.0,1,0,0,0,0,0,1,1,0,1,1,1,1,1
DRB1*13:45,0.0,0.0,1,0,0,0,0,1,0,0,0,0,1,1,1,0
DRB1*13:46,0.0,0.0,1,0,0,0,0,0,0,0,0,1,1,1,1,0
DRB1*13:47,0.0,0.0,1,0,0,0,0,0,0,0,0,1,0,1,1,0
DRB1*13:48,0.0,0.0,1,0,0,0,0,1,0,0,0,0,1,1,1,1
DRB1*13:49,0.0,0.0,1,0,0,0,0,0,0,0,0,1,1,1,1,0
DRB1*13:50,0.0,0.0,1,0,0,0,0,0,0,0,0,1,1,1,1,0
DRB1*13:52,0.0,0.0,1,0,0,0,0,1,0,0,0,0,1,1,1,1
DRB1*13:53,0.0,0.0,1,0,0,0,0,1,0,0,0,0,1,1,1,1
DRB1*13:54,0.0,0.0,1,0,0,0,0,0,0,0,0,0,1,1,1,1
DRB1*13:55,0.0,0.0,1,0,0,0,0,0,0,0,0,1,0,1,1,0
DRB1*13:56,0.0,0.0,1,0,0,0,0,0,1,0,0,1,1,1,1,0
DRB1*13:57,0.0,0.0,1,0,0,0,0,1,0,0,0,0,1,1,1,1
DRB1*13:58,0.0,0.0,1,0,0,0,0,1,0,0,0,1,1,1,1,1
DRB1*13:60,0.0,0.0,1,0,0,0,0,0,1,0,0,1,1,1,1,0
DRB1*13:61,0.0,0.0,1,0,0,0,0,1,0,0,0,0,1,0,1,1
DRB1*13:62,0.0,0.0,1,0,0,0,0,0,0,0,0,1,1,1,1,0
DRB1*13:63,0.0,0.0,1,0,0,0,0,0,0,0,0,0,1,1,1,0
DRB1*13:64,0.0,0.0,1,0,0,0,0,1,0,0,0,0,1,1,1,1
DRB1*13:65,0.0,0.0,1,0,0,0,0,1,0,0,0,0,1,1,1,0
DRB1*13:66,0.0,0.0,1,0,0,0,0,1,0,0,0,0,1,1,1,0
DRB1*13:67,0.0,0.0,1,0,0,1,0,1,0,0,0,0,1,1,1,0
DRB1*13:69,0.0,0.0,1,0,0,0,0,1,0,0,0,0,1,1,1,1
DRB1*13:70,0.0,0.0,1,0,0,0,0,1,0,0,0,0,1,1,1,1
DRB1*13:71,0.0,0.0,1,0,0,0,0,0,1,0,0,0,1,1,1,1
DRB1*13:72,0.0,0.0,1,0,0,0,0,1,0,0,0,0,1,1,1,1
DRB1*13:73,0.0,0.0,1,0,0,0,0,1,0,0,0,0,1,1,1,0
DRB1*13:75,0.0,0.0,1,0,0,0,0,0,0,0,0,0,1,1,1,1
DRB1*13:76,0.0,0.0,1,0,0,0,0,1,0,0,0,0,0,1,1,1
DRB1*13:77,0.0,0.0,1,0,0,0,0,1,0,0,0,1,1,1,1,1
DRB1*13:78,0.0,0.0,1,0,0,0,0,0,1,0,0,0,1,1,1,1
DRB1*13:79,0.0,0.0,1,0,0,0,0,1,0,0,0,0,1,1,1,1
DRB1*13:81,0.0,0.0,1,0,0,0,0,1,0,0,0,0,1,1,1,1
DRB1*13:82,0.0,0.0,1,0,0,0,0,1,0,0,0,1,1,1,1,0
DRB1*13:83,0.0,0.0,1,0,0,0,0,1,0,0,0,0,1,1,1,1
DRB1*13:84,0.0,0.0,1,0,0,0,0,1,0,0,0,0,1,1,1,1
DRB1*13:85,0.0,0.0,1,0,0,0,0,1,0,0,0,0,1,1,1,0
DRB1*13:86,0.0,0.0,1,0,0,0,0,0,1,1,0,1,1,1,1,0
DRB1*13:88,0.0,0.0,1,0,0,0,0,0,1,0,0,0,1,1,1,0
DRB1*13:89,0.0,0.0,1,0,0,0,0,1,0,0,0,0,1,1,1,1
DRB1*13:92,0.0,0.0,1,0,0,0,0,1,0,0,0,0,1,1,1,1
DRB1*13:93,0.0,0.0,1,0,0,0,0,1,0,0,0,0,1,1,1,1
DRB1*13:94,0.0,0.0,1,0,0,0,0,1,0,0,0,0,1,0,1,1
DRB1*13:96,0.0,0.0,1,0,0,0,0,1,0,0,0,0,1,0,1,0
DRB1*13:97,0.0,0.0,1,0,0,0,0,1,0,0,0,0,1,1,1,0
DRB1*14:02,0.0,0.0,1,0,0,0,0,0,1,1,0,1,1,1,1,0
DRB1*14:04,0.0,0.0,1,0,0,0,0,0,1,0,0,1,0,1,1,1
DRB1*14:07,0.0,0.0,1,0,0,0,0,0,1,0,0,1,0,1,1,0
DRB1*14:08,0.0,0.0,1,0,0,0,0,0,1,0,0,1,0,1,1,1
DRB1*14:09,0.0,0.0,1,0,0,0,0,0,1,1,0,1,1,1,1,0
DRB1*14:10,0.0,0.0,1,1,1,1,1,0,1,0,0,1,0,1,1,1
DRB1*14:100,0.0,0.0,1,0,0,0,0,0,1,0,0,1,1,1,1,1
DRB1*14:101,0.0,0.0,1,0,0,0,0,0,1,0,0,1,0,1,1,1
DRB1*14:102,0.0,0.0,1,0,0,0,0,0,1,0,0,1,0,1,1,0
DRB1*14:104,0.0,0.0,1,0,0,0,0,0,1,0,0,1,0,1,1,1
DRB1*14:105,0.0,0.0,1,0,0,0,0,0,0,0,0,1,1,1,1,1
DRB1*14:106,0.0,0.0,1,0,0,0,0,0,1,1,0,1,0,1,1,1
DRB1*14:107,0.0,0.0,1,0,0,0,0,0,1,1,0,0,0,1,1,1
DRB1*14:108,0.0,0.0,1,0,0,0,0,0,0,1,0,1,1,1,1,1
DRB1*14:109,0.0,0.0,1,0,0,0,0,0,1,1,0,0,1,1,1,0
DRB1*14:11,0.0,0.0,1,0,0,0,0,0,1,0,0,1,0,1,1,1
DRB1*14:110,0.0,0.0,1,0,0,0,0,0,1,0,0,1,0,1,1,1
DRB1*14:111,0.0,0.0,1,0,0,0,0,0,1,1,0,0,0,1,1,1
DRB1*14:115,0.0,0.0,1,0,0,0,0,0,1,0,0,1,0,1,1,0
DRB1*14:116,0.0,0.0,1,0,0,0,0,0,1,0,0,1,0,1,1,0
DRB1*14:119,0.0,0.0,1,0,0,0,0,0,1,1,0,1,1,1,1,0
DRB1*14:12,0.0,0.0,1,0,0,0,0,0,1,0,0,1,0,1,1,1
DRB1*14:120,0.0,0.0,1,0,0,0,0,1,0,0,0,1,0,1,1,1
DRB1*14:121,0.0,0.0,1,0,0,0,0,0,1,1,0,1,1,1,1,1
DRB1*14:122,0.0,0.0,1,0,0,0,0,1,0,0,0,1,0,1,1,1
DRB1*14:123,0.0,0.0,1,0,0,0,0,0,1,0,0,1,1,1,1,1
DRB1*14:124,0.0,0.0,1,0,0,0,0,0,1,0,0,1,0,1,1,1
DRB1*14:126,0.0,0.0,1,0,0,0,0,0,1,0,0,1,0,1,1,1
DRB1*14:127,0.0,0.0,1,0,0,0,0,0,1,0,0,1,0,0,1,1
DRB1*14:128,0.0,0.0,1,0,0,0,0,0,0,0,0,1,1,1,1,1
DRB1*14:13,0.0,0.0,1,0,0,0,0,0,1,1,0,1,1,1,1,0
DRB1*14:130,0.0,0.0,1,0,0,0,0,0,1,0,0,1,0,1,1,1
DRB1*14:132,0.0,0.0,1,0,0,0,0,0,1,0,0,1,0,1,1,1
DRB1*14:133,0.0,0.0,1,0,0,0,0,0,1,0,0,1,0,1,1,1
DRB1*14:134,0.0,0.0,1,0,0,0,0,0,1,0,0,1,0,1,1,0
DRB1*14:136,0.0,0.0,1,0,0,0,0,0,1,0,0,1,0,1,1,1
DRB1*14:138,0.0,0.0,1,0,0,0,0,0,1,0,0,1,0,1,1,1
DRB1*14:140,0.0,0.0,1,0,0,0,0,0,1,0,0,1,0,1,1,1
DRB1*14:141,0.0,0.0,1,0,0,1,0,0,1,1,0,0,0,0,1,0
DRB1*14:15,0.0,0.0,1,0,0,0,0,0,0,0,0,1,0,1,1,1
DRB1*14:16,0.0,0.0,1,0,0,0,0,1,0,0,0,0,1,1,1,1
DRB1*14:17,0.0,0.0,1,0,0,0,0,0,1,1,0,1,1,1,1,1
DRB1*14:18,0.0,0.0,1,0,0,0,0,0,1,0,0,1,0,1,1,1
DRB1*14:19,0.0,0.0,1,0,0,0,0,0,1,1,0,0,1,1,1,0
DRB1*14:20,0.0,0.0,1,0,0,0,0,0,1,1,0,1,1,1,1,1
DRB1*14:21,0.0,0.0,1,0,0,0,0,0,1,1,0,0,1,1,1,1
DRB1*14:22,0.0,0.0,1,0,0,0,0,0,0,0,0,1,1,1,1,0
DRB1*14:23,0.0,0.0,1,0,0,0,0,0,1,0,0,1,0,1,1,1
DRB1*14:24,0.0,0.0,1,0,0,0,0,1,0,1,1,0,1,1,1,0
DRB1*14:25,0.0,0.0,1,0,0,0,0,0,0,0,0,1,1,1,1,0
DRB1*14:26,0.0,0.0,1,0,0,0,0,0,1,0,0,1,0,1,1,1
DRB1*14:27,0.0,0.0,1,0,0,0,0,0,0,0,0,1,0,1,1,0
DRB1*14:28,0.0,0.0,1,0,0,0,0,0,1,0,0,1,0,1,1,1
DRB1*14:29,0.0,0.0,1,0,0,0,0,0,1,1,0,1,1,1,1,1
DRB1*14:30,0.0,0.0,1,0,0,0,0,0,1,1,0,1,1,1,1,0
DRB1*14:31,0.0,0.0,1,0,0,0,0,0,1,0,0,1,1,1,1,1
DRB1*14:32,0.0,0.0,1,0,0,0,0,0,1,0,0,1,1,1,1,1
DRB1*14:33,0.0,0.0,1,0,0,0,0,0,1,1,0,1,0,1,1,1
DRB1*14:34,0.0,0.0,1,0,0,0,0,0,1,0,0,1,1,1,1,1
DRB1*14:35,0.0,0.0,1,0,0,0,0,0,1,0,0,1,0,1,1,1
DRB1*14:37,0.0,0.0,1,0,0,0,0,1,0,1,1,0,1,1,1,1
DRB1*14:38,0.0,0.0,1,0,0,0,0,0,1,0,0,1,0,0,1,1
DRB1*14:39,0.0,0.0,1,0,0,0,0,0,1,0,0,1,0,1,1,1
DRB1*14:40,0.0,0.0,1,0,0,0,0,0,1,0,0,1,0,1,1,0
DRB1*14:41,0.0,0.0,1,0,0,0,0,0,1,1,0,1,1,1,1,0
DRB1*14:42,0.0,0.0,1,0,0,0,0,0,1,0,0,1,0,1,1,0
DRB1*14:43,0.0,0.0,1,0,0,0,0,0,1,0,0,1,0,0,1,1
DRB1*14:44,0.0,0.0,1,0,0,0,0,0,1,0,0,1,0,1,1,0
DRB1*14:45,0.0,0.0,1,0,0,0,0,1,0,0,0,1,0,1,1,1
DRB1*14:46,0.0,0.0,1,0,0,1,0,0,1,1,0,1,1,1,1,0
DRB1*14:47,0.0,0.0,1,0,0,0,0,0,1,1,0,1,1,0,1,0
DRB1*14:48,0.0,0.0,1,0,0,0,0,0,1,1,0,1,1,1,1,0
DRB1*14:49,0.0,0.0,1,0,0,0,0,0,1,1,0,1,1,1,1,0
DRB1*14:50,0.0,0.0,1,0,0,0,0,0,1,0,0,1,0,0,1,1
DRB1*14:51,0.0,0.0,1,0,0,0,0,0,1,1,0,1,0,1,1,0
DRB1*14:52,0.0,0.0,1,0,0,0,0,0,1,1,0,1,1,1,1,1
DRB1*14:53,0.0,0.0,1,0,0,0,0,0,0,0,0,1,1,1,1,0
DRB1*14:55,0.0,0.0,1,0,0,0,0,0,1,0,0,1,0,1,1,1
DRB1*14:56,0.0,0.0,1,0,0,0,0,0,1,0,0,1,0,1,1,1
DRB1*14:57,0.0,0.0,1,1,1,1,1,1,0,0,0,0,1,1,1,1
DRB1*14:58,0.0,0.0,1,0,0,0,0,0,1,0,0,1,0,1,1,1
DRB1*14:59,0.0,0.0,1,0,0,0,0,0,1,0,0,1,0,1,1,1
DRB1*14:61,0.0,0.0,1,0,0,0,0,0,1,0,0,1,0,1,1,1
DRB1*14:62,0.0,0.0,1,0,0,0,0,0,1,0,0,1,0,1,1,1
DRB1*14:63,0.0,0.0,1,0,0,0,0,1,0,0,0,1,0,1,1,0
DRB1*14:64,0.0,0.0,1,0,0,0,0,0,1,0,0,1,0,1,1,1
DRB1*14:65,0.0,0.0,1,0,0,0,0,0,1,0,0,1,1,1,1,1
DRB1*14:67,0.0,0.0,1,0,0,0,0,1,0,0,0,1,0,1,1,0
DRB1*14:68,0.0,0.0,1,0,0,0,0,0,1,0,0,1,0,1,1,0
DRB1*14:69,0.0,0.0,1,0,0,0,0,0,1,0,0,1,1,1,1,0
DRB1*14:70,0.0,0.0,1,0,0,0,0,0,1,0,0,1,0,1,1,1
DRB1*14:71,0.0,0.0,1,0,0,0,0,0,1,0,0,1,0,1,1,0
DRB1*14:72,0.0,0.0,1,0,0,0,0,0,1,0,0,1,0,1,1,1
DRB1*14:73,0.0,0.0,1,0,0,0,0,0,0,0,0,1,0,1,1,1
DRB1*14:74,0.0,0.0,1,0,0,0,0,0,1,0,0,1,1,1,1,1
DRB1*14:76,0.0,0.0,1,0,0,0,0,0,1,1,0,0,0,0,1,1
DRB1*14:77,0.0,0.0,1,0,0,0,0,0,1,0,0,1,0,1,1,0
DRB1*14:78,0.0,0.0,1,0,0,0,0,1,0,0,0,1,0,1,1,1
DRB1*14:79,0.0,0.0,1,0,0,0,0,0,1,1,0,0,0,0,1,1
DRB1*14:80,0.0,0.0,1,0,0,0,0,0,1,1,0,1,1,1,1,1
DRB1*14:81,0.0,0.0,1,0,0,0,0,0,1,0,0,1,1,1,1,1
DRB1*14:82,0.0,0.0,1,0,0,0,0,0,1,0,0,1,0,1,1,1
DRB1*14:84,0.0,0.0,1,0,0,0,0,0,1,0,0,1,0,1,1,1
DRB1*14:85,0.0,0.0,1,0,0,0,0,0,1,0,0,1,0,1,1,0
DRB1*14:89,0.0,0.0,1,0,0,0,0,0,1,1,0,1,0,1,1,0
DRB1*14:91,0.0,0.0,1,0,0,0,0,0,1,0,0,1,0,1,1,1
DRB1*14:93,0.0,0.0,1,0,0,0,0,0,1,0,0,1,0,0,1,0
DRB1*14:94,0.0,0.0,1,0,0,0,0,0,1,1,0,1,1,1,1,0
DRB1*14:95,0.0,0.0,1,0,0,0,0,0,1,0,0,1,0,1,1,1
DRB1*14:97,0.0,0.0,1,0,0,0,0,0,1,0,0,1,0,1,1,1
DRB1*14:98,0.0,0.0,1,0,0,0,0,0,1,0,0,1,0,0,1,0
DRB1*14:99,0.0,0.0,1,0,0,0,0,0,1,0,0,1,0,1,1,1
DRB1*15:04,0.0,0.0,0,1,0,1,0,0,0,1,1,0,1,1,1,1
DRB1*15:10,0.0,0.0,0,1,0,1,0,1,0,0,0,0,1,1,1,1
DRB1*15:11,0.0,0.0,0,1,0,1,0,1,0,1,1,0,1,1,1,0
DRB1*15:12,0.0,0.0,0,1,0,1,0,1,0,1,1,0,1,1,1,1
DRB1*15:13,0.0,0.0,0,1,0,1,0,0,1,0,0,1,0,0,0,0
DRB1*15:15,0.0,0.0,0,1,0,1,0,0,0,1,1,0,1,1,1,0
DRB1*15:18,0.0,0.0,0,1,0,1,0,1,0,0,1,0,1,1,1,1
DRB1*15:21,0.0,0.0,0,1,0,1,0,1,0,0,0,1,0,1,1,1
DRB1*15:23,0.0,0.0,0,1,0,1,0,0,1,1,1,0,1,1,1,1
DRB1*15:24,0.0,0.0,0,1,0,1,0,1,0,1,1,0,1,1,1,1
DRB1*15:25,0.0,0.0,0,1,0,1,0,0,1,1,0,0,0,0,1,1
DRB1*15:27,0.0,0.0,0,1,0,1,0,0,1,1,0,1,1,1,1,0
DRB1*15:28,0.0,0.0,0,1,0,1,0,1,0,1,1,0,1,1,1,1
DRB1*15:29,0.0,0.0,0,1,0,1,0,1,0,1,1,0,1,1,1,0
DRB1*15:30,0.0,0.0,0,1,0,1,0,1,0,1,1,0,1,1,1,0
DRB1*15:31,0.0,0.0,0,1,0,1,0,0,1,1,1,0,1,1,1,0
DRB1*15:32,0.0,0.0,0,1,0,1,0,1,0,1,1,0,1,1,1,1
DRB1*15:34,0.0,0.0,0,1,0,1,0,0,1,1,0,1,1,1,1,0
DRB1*15:35,0.0,0.0,0,1,0,1,0,1,0,1,1,0,1,1,1,1
DRB1*15:37,0.0,0.0,0,1,0,1,0,1,0,1,1,0,1,0,1,1
DRB1*15:38,0.0,0.0,0,1,0,1,0,1,0,1,1,0,1,1,1,0
DRB1*15:39,0.0,0.0,0,1,0,1,0,1,0,1,1,0,1,1,1,0
DRB1*15:44,0.0,0.0,0,1,0,1,0,1,0,1,1,0,1,1,1,0
DRB1*15:53,0.0,0.0,0,1,0,1,0,1,0,1,1,0,1,1,1,1
DRB1*15:54,0.0,0.0,0,1,0,1,0,0,1,1,0,1,1,1,1,1
DRB1*15:57,0.0,0.0,0,1,0,1,0,1,0,1,1,0,1,0,1,1
DRB1*15:58,0.0,0.0,0,1,0,1,0,1,0,1,1,0,1,1,1,0
DRB1*15:61,0.0,0.0,0,1,0,1,0,1,0,1,1,0,1,1,1,1
DRB1*15:62,0.0,0.0,0,1,0,1,0,1,0,1,1,0,1,1,1,1
DRB1*15:63,0.0,0.0,0,1,0,1,0,0,1,1,1,0,1,1,1,0
DRB1*15:66,0.0,0.0,0,1,0,1,0,0,1,1,0,1,1,1,1,1
DRB1*15:69,0.0,0.0,0,1,0,0,0,1,0,1,1,0,1,1,1,1
DRB1*15:71,0.0,0.0,0,1,0,1,0,1,0,1,1,0,1,1,1,1
DRB1*15:78,0.0,0.0,0,1,0,1,0,1,0,1,1,0,1,1,1,0
DRB1*15:81,0.0,0.0,0,1,0,1,0,1,0,1,1,0,1,1,1,1
DRB1*15:82,0.0,0.0,0,1,0,1,0,1,0,1,1,0,1,1,1,1
DRB1*15:84,0.0,0.0,0,1,0,1,0,1,0,1,0,0,1,1,1,1
DRB1*15:88,0.0,0.0,0,1,0,1,0,0,0,1,1,0,1,1,1,1
DRB1*15:91,0.0,0.0,0,1,0,1,0,1,0,1,1,0,0,1,1,1
DRB1*15:96,0.0,0.0,0,1,0,1,0,1,0,1,1,0,1,1,1,1
DRB1*16:04,0.0,0.0,0,1,0,1,0,0,0,0,0,1,0,1,1,0
DRB1*16:08,0.0,0.0,0,1,0,1,0,0,0,0,0,1,1,1,1,0
DRB1*16:09,0.0,0.0,0,1,0,1,0,0,0,0,0,1,1,1,1,0
DRB1*16:10,0.0,0.0,0,1,0,1,0,0,1,0,0,1,1,1,1,0
DRB1*16:11,0.0,0.0,0,1,0,1,0,0,1,0,0,1,1,1,1,0
DRB1*16:12,0.0,0.0,0,1,0,1,0,0,1,0,0,1,1,1,1,0
DRB1*16:14,0.0,0.0,0,1,0,1,0,0,1,0,0,1,1,1,1,0
DRB1*16:15,0.0,0.0,0,1,0,1,0,0,0,0,0,1,1,1,1,1
DRB1*16:16,0.0,0.0,0,1,0,1,0,0,1,0,0,1,1,1,1,0
DRB1*16:17,0.0,0.0,0,1,0,1,0,0,1,0,0,1,1,1,1,0
DRB1*16:18,0.0,0.0,0,1,0,1,0,0,1,0,0,1,0,1,1,0
DRB1*16:23,0.0,0.0,0,1,0,1,0,0,1,0,0,1,1,1,1,1
DRB1*16:24,0.0,0.0,0,1,0,1,0,0,0,0,0,1,1,1,1,0
DRB1*01:03,,,0,1,0,1,0,1,0,0,0,0,1,1,1,0
DRB1*01:04,,,0,1,0,1,0,0,1,1,0,1,1,0,1,1
DRB1*01:06,,,0,1,0,1,0,0,1,1,1,0,1,1,1,1
DRB1*01:07,,,0,0,0,1,0,0,1,1,0,1,1,1,1,0
DRB1*01:08,,,0,1,0,1,0,0,1,1,0,1,1,1,1,0
DRB1*01:09,,,0,1,0,1,0,0,1,1,1,0,1,1,1,0
DRB1*01:10,,,0,1,0,1,0,0,1,1,0,0,1,1,1,0
DRB1*01:11,,,0,1,0,1,0,0,1,1,0,1,1,0,1,0
DRB1*01:13,,,0,1,0,1,0,0,1,1,0,1,1,1,1,0
DRB1*01:14,,,0,1,0,1,0,0,1,1,0,1,1,1,1,0
DRB1*01:15,,,0,1,0,1,0,1,0,1,1,0,1,1,1,0
DRB1*01:16,,,0,1,0,1,0,0,1,1,0,0,0,0,1,0
DRB1*01:17,,,0,1,0,1,0,0,1,1,0,1,0,1,1,0
DRB1*01:18,,,0,1,0,1,0,0,1,1,0,1,1,1,1,0
DRB1*01:20,,,0,1,0,1,0,0,1,1,0,1,1,1,1,1
DRB1*01:21,,,0,1,0,1,0,0,1,1,0,1,1,1,0,0
DRB1*01:22,,,0,1,0,0,0,0,1,1,0,1,1,1,1,0
DRB1*01:23,,,0,1,0,1,0,0,1,0,0,1,1,1,1,1
DRB1*01:24,,,0,1,0,1,0,1,0,1,0,1,1,1,1,0
DRB1*01:26,,,0,1,0,1,0,0,1,1,0,1,1,1,1,1
DRB1*01:29,,,0,1,0,1,0,0,1,0,0,1,1,1,1,0
DRB1*01:34,,,0,1,0,1,0,0,1,1,0,1,1,1,1,1
DRB1*01:35,,,0,1,0,1,0,0,1,1,0,1,1,0,1,1
DRB1*01:37,,,0,1,0,1,0,0,1,1,0,1,1,1,1,0
DRB1*01:42,,,0,1,0,1,0,1,0,0,0,0,1,1,1,1
DRB1*01:43,,,0,1,0,1,0,0,1,1,0,1,1,1,1,1
DRB1*01:44,,,0,1,0,1,0,0,1,1,0,1,1,1,1,1
DRB1*01:49,,,0,0,0,1,0,0,1,1,0,1,1,1,1,0
DRB1*01:51,,,0,1,0,1,0,0,1,0,0,1,1,1,1,0
DRB1*01:54,,,0,1,0,1,0,1,0,1,0,1,1,1,1,1
DRB1*01:55,,,0,1,0,1,0,0,1,1,0,1,0,0,1,0
DRB1*01:56,,,0,1,0,1,0,0,1,1,0,1,1,1,1,0
DRB1*01:57,,,0,1,0,1,0,0,1,1,0,1,1,1,1,1
DRB1*01:59,,,0,1,0,1,0,0,1,1,0,1,0,1,1,0
DRB1*03:03,,,1,0,0,0,0,0,1,1,0,0,0,0,1,1
DRB1*03:04,,,1,0,0,0,0,0,1,1,0,0,0,0,1,1
DRB1*03:07,,,1,0,0,0,0,0,1,1,0,0,0,0,1,1
DRB1*03:08,,,1,0,0,0,0,0,1,1,0,0,0,0,1,1
DRB1*03:10,,,1,0,0,0,0,0,1,1,0,0,0,0,1,1
DRB1*03:11,,,1,0,0,0,0,0,1,1,0,0,0,0,1,1
DRB1*03:12,,,1,0,0,0,0,0,1,1,0,0,0,0,1,1
DRB1*03:13,,,1,0,0,0,0,0,1,1,0,0,0,0,1,1
DRB1*03:14,,,1,0,0,0,0,0,1,1,0,0,0,1,1,0
DRB1*03:15,,,1,0,0,0,0,0,1,1,0,0,0,1,1,1
DRB1*03:17,,,1,0,0,0,0,0,1,1,0,0,0,0,1,0
DRB1*03:19,,,1,0,0,0,0,1,0,1,0,0,0,0,1,1
DRB1*03:20,,,1,0,0,0,0,0,1,1,0,0,0,0,1,1
DRB1*03:21,,,1,0,0,0,0,0,1,1,0,0,0,0,1,1
DRB1*03:24,,,1,0,0,0,0,0,1,1,0,0,0,0,1,1
DRB1*03:25,,,1,0,0,0,0,0,1,1,0,0,0,0,1,1
DRB1*03:26,,,1,0,0,0,0,0,1,1,0,0,0,0,1,1
DRB1*03:27,,,1,0,0,0,0,0,1,1,0,0,0,0,1,0
DRB1*03:29,,,1,0,0,0,0,0,1,1,0,0,0,0,1,0
DRB1*03:30,,,1,0,0,0,0,0,1,1,0,0,0,0,1,1
DRB1*03:31,,,1,0,0,0,0,0,1,1,0,0,0,0,1,1
DRB1*03:33,,,1,0,0,0,0,0,1,1,0,0,0,0,1,1
DRB1*03:35,,,1,0,0,0,0,0,1,1,0,0,0,0,1,0
DRB1*03:36,,,1,0,0,0,0,0,1,1,0,0,0,0,1,1
DRB1*03:38,,,1,0,0,0,0,0,1,1,0,0,0,0,1,0
DRB1*03:40,,,1,0,0,0,0,0,1,1,0,0,0,0,1,0
DRB1*03:41,,,1,0,0,0,0,0,1,1,0,0,0,0,1,0
DRB1*03:42,,,1,0,0,1,0,0,1,1,0,0,0,0,1,1
DRB1*03:43,,,1,0,0,0,0,0,1,1,0,0,0,0,1,1
DRB1*03:44,,,1,0,0,0,0,0,1,1,0,0,0,0,1,1
DRB1*03:46,,,1,0,0,0,0,0,1,1,0,0,0,0,1,1
DRB1*03:48,,,1,0,0,0,0,0,1,1,0,0,0,0,1,1
DRB1*03:49,,,1,0,0,0,0,0,1,1,0,0,0,0,1,1
DRB1*03:52,,,1,0,0,0,0,0,1,1,0,0,0,0,1,1
DRB1*03:54,,,1,0,0,0,0,0,1,1,0,0,0,0,1,1
DRB1*03:58,,,1,0,0,0,0,0,0,1,0,0,0,0,1,1
DRB1*03:65,,,1,0,0,0,0,0,0,1,0,0,0,0,1,1
DRB1*03:71,,,1,0,0,0,0,0,1,1,0,0,0,0,1,1
DRB1*03:74,,,1,0,0,0,0,0,1,1,0,0,0,0,1,0
DRB1*03:75,,,1,0,0,0,0,0,1,1,0,0,0,0,1,1
DRB1*03:76,,,1,0,0,0,0,0,1,1,0,0,1,0,1,1
DRB1*03:78,,,1,0,0,0,0,0,1,1,0,0,0,0,1,1
DRB1*03:79,,,1,0,0,0,0,0,1,1,0,0,0,0,1,1
DRB1*03:81,,,1,0,0,0,0,0,1,1,0,0,0,0,1,0
DRB1*03:84,,,1,0,0,0,0,0,1,1,0,0,0,0,1,1
DRB1*03:87,,,1,0,0,1,0,0,1,1,0,0,0,0,1,1
DRB1*03:88,,,1,0,0,0,0,0,1,1,0,0,0,0,1,0
DRB1*03:90,,,1,0,0,0,0,0,1,1,0,0,0,1,1,0
DRB1*03:91,,,1,0,0,0,0,0,1,1,0,1,0,0,1,1
DRB1*03:92,,,1,0,0,0,0,0,1,1,0,0,0,0,1,1
DRB1*04:08,,,1,1,1,1,1,0,1,1,0,1,1,1,1,0
DRB1*04:09,,,1,1,1,1,1,0,1,1,0,0,1,1,1,0
DRB1*04:10,,,1,1,1,1,1,0,1,1,0,1,1,1,1,1
DRB1*04:100,,,1,1,1,1,1,1,0,1,0,0,0,1,1,1
DRB1*04:101,,,1,1,1,1,1,0,1,0,0,1,0,1,1,1
DRB1*04:102,,,1,1,1,1,1,0,1,1,0,1,0,1,1,0
DRB1*04:103,,,1,1,1,1,1,0,1,1,0,1,0,1,1,0
DRB1*04:105,,,1,1,1,1,1,1,0,1,1,0,1,1,1,0
DRB1*04:106,,,1,1,1,1,1,1,0,0,0,0,1,1,1,0
DRB1*04:107,,,1,1,1,1,1,1,0,1,0,1,1,1,1,0
DRB1*04:108,,,1,1,1,1,1,0,1,1,0,1,1,1,1,1
DRB1*04:11,,,1,1,1,1,1,0,1,1,0,1,0,1,1,1
DRB1*04:110,,,1,1,1,1,1,0,1,1,0,1,0,1,1,1
DRB1*04:113,,,1,1,1,1,1,0,1,1,0,0,1,1,1,0
DRB1*04:114,,,1,1,1,1,1,0,1,1,0,0,0,1,1,1
DRB1*04:12,,,1,1,1,1,1,1,0,0,0,1,0,1,1,1
DRB1*04:122,,,1,1,1,1,1,0,1,1,1,0,1,1,1,1
DRB1*04:123,,,1,1,1,1,1,0,1,1,0,0,1,1,1,0
DRB1*04:125,,,1,1,1,1,1,1,0,1,0,0,1,1,1,0
DRB1*04:126,,,1,1,1,1,1,0,1,1,0,1,0,1,1,1
DRB1*04:128,,,1,1,1,1,1,0,1,1,0,0,1,1,1,0
DRB1*04:13,,,1,1,1,1,1,0,1,1,0,0,1,1,1,1
DRB1*04:131,,,1,1,1,1,1,0,1,1,0,1,1,0,1,0
DRB1*04:132,,,1,1,1,1,1,0,1,0,0,0,1,1,1,0
DRB1*04:136,,,1,1,1,1,1,1,0,0,0,1,0,1,1,1
DRB1*04:138,,,1,1,1,1,1,1,0,0,0,0,1,1,1,1
DRB1*04:139,,,1,1,1,1,1,0,1,1,0,0,1,1,0,0
DRB1*04:14,,,1,1,1,1,1,1,0,0,0,0,1,1,1,0
DRB1*04:140,,,1,1,1,1,1,0,1,1,0,0,0,0,1,0
DRB1*04:143,,,1,1,1,1,1,0,0,0,0,0,1,1,1,1
DRB1*04:145,,,1,1,1,1,1,0,1,1,0,0,1,1,1,0
DRB1*04:146,,,1,1,1,1,1,0,1,1,0,1,0,1,1,1
DRB1*04:147,,,1,1,1,1,1,0,1,1,0,1,1,1,1,1
DRB1*04:15,,,1,1,1,1,1,0,0,0,0,1,1,1,1,1
DRB1*04:150,,,1,1,1,1,1,0,1,1,0,0,0,1,1,1
DRB1*04:152,,,1,1,1,1,1,0,1,1,0,1,1,1,1,0
DRB1*04:153,,,1,1,1,1,1,0,1,1,0,0,1,1,1,0
DRB1*04:154,,,1,1,1,1,1,0,1,1,0,1,0,1,1,1
DRB1*04:155,,,1,1,1,1,1,0,1,1,0,0,1,1,0,0
DRB1*04:160,,,1,1,1,1,0,0,1,1,0,1,0,1,1,0
DRB1*04:161,,,1,1,1,1,1,1,0,0,0,0,1,1,1,1
DRB1*04:163,,,1,1,1,1,1,0,1,1,0,1,0,1,1,1
DRB1*04:17,,,1,1,1,1,1,0,1,1,0,1,0,1,1,0
DRB1*04:18,,,1,1,1,1,1,1,0,0,0,1,0,1,1,1
DRB1*04:19,,,1,1,1,1,1,0,1,1,0,1,1,1,1,0
DRB1*04:20,,,0,0,0,0,0,0,1,1,0,1,0,1,1,0
DRB1*04:21,,,1,1,1,1,1,0,1,1,0,0,1,1,1,0
DRB1*04:22,,,1,1,1,1,1,0,1,1,0,0,0,0,1,1
DRB1*04:24,,,1,1,1,1,1,0,1,0,0,1,1,1,1,0
DRB1*04:25,,,1,1,1,1,1,0,0,0,0,1,0,1,1,1
DRB1*04:26,,,1,1,1,1,1,0,1,1,0,0,1,1,1,0
DRB1*04:27,,,1,1,1,1,1,0,1,1,0,1,0,1,1,1
DRB1*04:28,,,1,1,1,1,1,0,1,1,0,1,1,1,1,0
DRB1*04:31,,,1,1,1,1,1,0,1,1,0,1,0,1,1,0
DRB1*04:34,,,1,1,1,1,0,0,1,1,0,0,1,1,1,0
DRB1*04:35,,,1,1,1,1,1,0,1,1,0,0,1,1,1,0
DRB1*04:36,,,1,1,1,1,1,0,0,0,0,1,1,1,1,1
DRB1*04:37,,,1,1,1,1,1,0,1,0,0,0,1,1,1,1
DRB1*04:38,,,1,1,1,1,1,1,0,1,0,0,1,1,1,0
DRB1*04:40,,,1,1,1,1,1,0,1,1,0,1,1,1,1,1
DRB1*04:41,,,1,1,1,1,1,0,1,1,0,1,0,1,1,1
DRB1*04:42,,,1,1,1,1,1,0,1,1,0,1,1,1,1,1
DRB1*04:43,,,1,1,1,1,1,0,1,1,0,1,1,1,1,0
DRB1*04:44,,,1,1,1,1,1,0,1,1,0,1,1,0,1,1
DRB1*04:47,,,1,1,1,1,1,0,0,0,0,1,1,1,1,0
DRB1*04:48,,,1,1,1,1,1,0,1,1,0,1,1,1,1,0
DRB1*04:49,,,1,1,0,1,1,0,1,1,0,1,0,1,1,1
DRB1*04:50,,,1,1,1,1,1,0,1,1,0,1,0,1,0,1
DRB1*04:53,,,1,1,1,1,1,1,0,0,0,1,1,1,1,1
DRB1*04:54,,,1,1,1,1,1,0,0,0,0,1,0,1,1,0
DRB1*04:55,,,1,1,1,1,1,0,1,1,0,1,0,1,1,1
DRB1*04:56,,,1,1,1,1,1,1,0,1,0,1,1,1,1,1
DRB1*04:57,,,1,1,1,1,1,0,1,1,0,1,1,1,1,0
DRB1*04:58,,,1,1,1,1,1,0,1,0,0,1,0,1,1,1
DRB1*04:61,,,1,1,1,1,1,0,1,1,0,1,1,1,1,0
DRB1*04:62,,,1,1,1,1,1,0,1,1,0,0,1,1,1,0
DRB1*04:63,,,1,1,1,1,1,0,1,1,0,0,1,1,1,0
DRB1*04:64,,,1,1,1,1,0,0,1,1,0,0,1,1,1,0
DRB1*04:65,,,1,1,1,1,1,0,1,1,0,0,0,1,1,1
DRB1*04:66,,,1,1,0,1,0,0,1,1,0,0,1,1,1,0
DRB1*04:67,,,1,1,1,1,1,0,1,1,0,0,1,1,1,1
DRB1*04:68,,,1,1,1,1,1,0,1,1,0,1,1,1,1,1
DRB1*04:69,,,1,1,1,1,1,0,1,0,0,1,0,1,1,0
DRB1*04:72,,,1,1,1,1,1,0,1,1,0,0,1,0,1,0
DRB1*04:73,,,1,1,1,1,1,1,0,1,1,0,1,1,1,1
DRB1*04:74,,,1,1,1,1,1,0,1,1,0,1,0,0,1,0
DRB1*04:75,,,1,1,1,1,1,0,1,1,0,0,1,1,1,0
DRB1*04:77,,,1,1,1,1,1,0,1,1,0,1,1,1,1,0
DRB1*04:78,,,1,1,1,1,1,0,1,0,0,1,0,1,1,1
DRB1*04:79,,,1,1,1,1,1,0,1,1,0,1,1,1,1,1
DRB1*04:80,,,1,1,1,1,1,0,0,1,0,1,1,1,1,0
DRB1*04:82,,,1,1,1,1,1,1,0,0,0,1,1,1,1,0
DRB1*04:83,,,1,1,1,1,1,0,1,1,0,1,1,1,1,0
DRB1*04:84,,,1,1,1,1,1,0,1,1,0,1,1,1,1,0
DRB1*04:86,,,1,1,1,1,1,1,0,0,0,1,0,1,1,0
DRB1*04:88,,,1,1,1,1,1,1,0,1,0,1,0,1,1,1
DRB1*04:90,,,1,1,1,1,1,0,1,1,0,1,1,1,0,0
DRB1*04:91,,,1,1,1,1,1,0,1,1,0,1,0,1,1,1
DRB1*04:93,,,1,1,1,1,1,0,0,1,0,1,0,1,1,1
DRB1*04:95,,,1,1,1,1,1,0,1,1,0,1,0,0,1,1
DRB1*04:98,,,1,1,1,1,1,0,1,1,0,0,0,1,1,0
DRB1*04:99,,,1,1,1,1,1,1,0,0,0,1,1,1,1,1
DRB1*07:04,,,0,1,0,1,0,1,0,0,0,1,0,0,1,0
DRB1*07:06,,,0,1,0,1,0,1,0,0,0,1,0,1,0,0
DRB1*07:08,,,0,1,0,1,0,1,0,0,0,1,0,1,0,0
DRB1*07:09,,,0,1,0,1,0,1,0,0,0,1,0,1,0,0
DRB1*07:11,,,0,1,0,1,0,1,0,0,0,1,0,1,1,0
DRB1*07:12,,,0,1,0,1,0,1,0,0,0,1,0,1,0,0
DRB1*07:18,,,0,1,0,1,0,1,0,0,0,1,0,1,0,0
DRB1*07:20,,,0,1,0,1,0,1,0,0,0,1,0,1,0,0
DRB1*07:22,,,0,1,0,1,0,1,0,0,0,1,0,1,0,0
DRB1*07:23,,,0,0,0,1,0,1,0,0,0,1,0,1,0,0
DRB1*07:24,,,0,1,0,1,0,1,0,0,0,1,0,1,0,1
DRB1*07:25,,,0,1,0,1,0,1,0,0,0,1,0,1,0,0
DRB1*08:04,,,1,0,0,0,0,0,0,0,0,1,0,1,1,1
DRB1*08:05,,,1,0,0,0,0,0,0,0,0,1,1,1,1,0
DRB1*08:07,,,1,0,0,0,0,0,0,0,0,1,0,1,1,0
DRB1*08:08,,,1,0,0,0,0,0,0,0,0,1,0,1,1,0
DRB1*08:09,,,1,0,0,0,0,0,0,0,0,1,0,1,1,0
DRB1*08:10,,,1,0,0,0,0,1,0,0,0,1,0,1,1,1
DRB1*08:11,,,1,0,0,0,0,0,0,0,0,1,0,1,1,0
DRB1*08:12,,,1,0,0,0,0,1,0,0,0,1,0,1,1,1
DRB1*08:13,,,1,0,0,0,0,0,1,0,0,1,0,1,1,0
DRB1*08:14,,,1,0,0,0,0,1,0,0,0,1,0,1,1,0
DRB1*08:15,,,1,0,0,0,0,1,0,0,0,1,0,1,1,0
DRB1*08:16,,,1,0,0,0,0,0,0,0,0,1,0,1,1,0
DRB1*08:17,,,1,0,0,0,0,0,0,0,0,1,0,1,1,0
DRB1*08:18,,,1,0,0,0,0,1,0,0,0,1,1,1,1,0
DRB1*08:19,,,1,0,0,0,0,1,0,0,0,1,0,1,1,0
DRB1*08:20,,,1,0,0,0,0,0,0,0,0,1,0,1,1,1
DRB1*08:21,,,1,0,0,0,0,0,0,0,0,1,0,1,1,0
DRB1*08:22,,,1,0,0,0,0,0,0,0,0,1,0,1,1,1
DRB1*08:24,,,1,0,0,0,0,0,0,0,0,1,1,1,1,0
DRB1*08:25,,,1,0,0,0,0,1,0,0,0,1,1,1,1,0
DRB1*08:26,,,1,0,0,0,0,0,0,0,0,1,0,1,1,0
DRB1*08:28,,,1,0,0,0,0,0,0,0,0,1,0,1,1,1
DRB1*08:29,,,1,0,0,0,0,1,0,0,0,1,0,1,1,0
DRB1*08:30,,,1,0,0,0,0,1,0,0,0,1,0,1,1,0
DRB1*08:31,,,1,0,0,0,0,0,0,0,0,1,1,1,1,1
DRB1*08:32,,,1,0,0,0,0,1,0,0,0,1,0,1,1,0
DRB1*08:34,,,1,0,0,0,0,1,0,0,0,1,0,1,1,0
DRB1*08:35,,,1,0,0,0,0,1,0,0,0,1,0,1,1,0
DRB1*08:36,,,1,0,0,0,0,1,0,0,0,1,0,1,1,0
DRB1*08:37,,,1,0,0,0,0,1,0,0,0,1,0,1,1,0
DRB1*08:38,,,1,0,0,0,0,1,0,0,0,1,0,1,1,0
DRB1*08:40,,,1,0,0,0,0,1,0,0,0,0,1,1,1,0
DRB1*08:41,,,1,0,0,0,0,0,0,0,0,1,1,1,1,0
DRB1*08:42,,,1,0,0,0,0,0,0,0,0,1,0,1,1,0
DRB1*08:45,,,1,0,0,0,0,1,0,0,0,1,0,1,1,0
DRB1*08:46,,,1,0,0,0,0,1,0,0,0,1,0,1,1,0
DRB1*08:47,,,1,0,0,0,0,1,0,0,0,1,1,1,1,0
DRB1*08:48,,,1,0,0,0,0,0,1,0,0,1,0,1,1,0
DRB1*08:52,,,1,0,0,0,0,0,0,0,0,1,0,1,1,0
DRB1*08:53,,,1,0,0,0,0,1,0,0,0,1,0,1,1,0
DRB1*09:02,,,0,1,0,1,0,0,0,0,0,1,0,1,0,0
DRB1*09:03,,,0,1,0,1,0,0,0,0,0,1,0,1,0,0
DRB1*09:04,,,0,1,0,1,0,0,1,0,0,1,0,1,0,0
DRB1*09:05,,,0,1,0,1,0,0,0,0,0,1,0,1,1,0
DRB1*09:06,,,0,1,0,1,0,0,0,0,0,1,0,1,0,1
DRB1*09:07,,,0,1,0,1,0,0,0,0,0,1,0,1,0,0
DRB1*09:08,,,0,1,0,1,0,0,0,0,0,1,0,1,0,0
DRB1*09:10,,,0,1,0,1,0,0,0,0,0,1,0,1,0,0
DRB1*09:12,,,0,1,0,0,0,0,0,0,0,1,0,1,0,0
DRB1*09:16,,,0,1,0,1,0,0,0,0,0,1,0,1,0,0
DRB1*09:20,,,0,1,0,1,0,0,0,0,0,1,0,1,0,0
DRB1*10:02,,,1,0,1,1,0,0,1,0,0,1,1,1,1,1
DRB1*10:03,,,1,0,1,1,0,0,1,0,0,1,1,1,1,0
DRB1*10:04,,,1,0,1,1,0,0,1,1,0,1,1,1,1,0
DRB1*10:05,,,1,0,1,1,0,0,1,0,0,1,1,1,1,0
DRB1*11:03,,,1,0,0,0,0,0,0,0,0,0,1,1,1,1
DRB1*11:05,,,1,0,0,0,0,0,0,0,0,1,1,1,1,0
DRB1*11:07,,,1,0,0,0,0,0,1,1,0,0,0,0,1,1
DRB1*11:08,,,1,0,0,0,0,0,1,0,0,1,1,1,1,0
DRB1*11:09,,,1,0,0,0,0,0,0,0,0,1,1,1,1,0
DRB1*11:10,,,1,0,0,0,0,0,0,0,0,1,1,1,1,0
DRB1*11:102,,,1,0,0,0,0,0,0,0,0,1,1,1,1,1
DRB1*11:103,,,1,0,0,0,0,0,1,1,0,0,0,0,1,0
DRB1*11:104,,,1,0,0,0,0,0,0,0,0,1,1,1,1,1
DRB1*11:105,,,1,0,0,0,0,0,1,1,0,0,0,1,1,0
DRB1*11:107,,,1,0,0,0,0,0,1,1,0,0,0,0,1,0
DRB1*11:11,,,1,0,0,0,0,0,0,0,0,0,1,1,1,0
DRB1*11:110,,,1,0,0,0,0,0,0,0,0,1,1,1,1,0
DRB1*11:113,,,1,0,0,0,0,0,0,0,0,1,1,1,1,1
DRB1*11:114,,,1,0,0,0,0,0,0,0,0,1,1,1,1,0
DRB1*11:116,,,1,0,0,0,0,0,0,0,0,1,1,1,1,1
DRB1*11:118,,,1,0,0,0,0,1,0,0,0,0,1,1,1,1
DRB1*11:119,,,1,0,0,0,0,1,0,0,0,1,0,1,1,1
DRB1*11:12,,,1,0,0,0,0,0,0,0,0,1,1,1,1,0
DRB1*11:120,,,1,0,0,0,0,0,0,0,0,1,1,1,1,0
DRB1*11:121,,,1,0,0,0,0,0,0,0,0,1,1,1,1,0
DRB1*11:122,,,1,0,0,0,0,0,0,0,0,0,1,1,1,0
DRB1*11:124,,,1,0,0,0,0,1,0,0,0,0,1,0,1,1
DRB1*11:125,,,1,0,0,0,0,0,0,1,0,0,0,0,1,0
DRB1*11:127,,,1,0,0,0,0,1,0,0,0,0,1,1,1,1
DRB1*11:13,,,1,0,0,0,0,0,1,0,0,1,1,1,1,1
DRB1*11:131,,,1,0,0,0,0,0,1,1,0,0,1,1,1,1
DRB1*11:132,,,1,0,0,0,0,1,0,0,0,0,1,1,1,1
DRB1*11:134,,,1,0,0,0,0,0,0,0,0,1,1,1,1,0
DRB1*11:135,,,1,0,0,0,0,0,0,0,0,1,1,1,1,1
DRB1*11:136,,,1,0,0,0,0,0,1,1,0,0,0,0,1,0
DRB1*11:137,,,1,0,0,0,0,0,0,0,0,1,1,0,1,1
DRB1*11:138,,,1,0,0,0,0,0,0,0,0,0,1,0,1,1
DRB1*11:139,,,1,0,0,0,0,0,0,0,0,0,1,1,1,1
DRB1*11:14,,,1,0,0,0,0,1,0,0,0,0,1,1,1,0
DRB1*11:142,,,1,0,0,0,0,0,0,0,0,1,1,1,1,0
DRB1*11:143,,,1,0,0,0,0,0,0,0,0,1,1,1,1,0
DRB1*11:144,,,1,0,0,0,0,0,0,0,0,1,1,1,1,0
DRB1*11:15,,,1,0,0,0,0,0,0,0,0,1,1,1,1,0
DRB1*11:16,,,1,0,0,0,0,1,0,0,0,0,1,1,1,1
DRB1*11:17,,,1,0,0,0,0,0,1,0,0,1,0,1,1,1
DRB1*11:18,,,1,0,0,0,0,1,0,0,0,1,1,1,1,1
DRB1*11:19,,,1,0,0,0,0,1,0,0,0,1,1,1,1,0
DRB1*11:20,,,1,0,0,0,0,1,0,0,0,0,1,1,1,0
DRB1*11:21,,,1,0,0,0,0,1,0,0,0,0,1,1,1,1
DRB1*11:22,,,1,1,1,1,1,0,0,0,0,1,1,1,1,0
DRB1*11:23,,,1,0,0,0,0,0,0,0,0,1,0,1,1,0
DRB1*11:24,,,1,0,0,0,0,0,0,0,0,1,1,1,1,0
DRB1*11:25,,,1,0,0,0,0,0,0,0,0,1,0,1,1,1
DRB1*11:26,,,1,0,0,0,0,0,1,1,0,1,1,1,1,0
DRB1*11:27,,,1,0,0,0,0,0,0,0,0,1,1,0,1,0
DRB1*11:28,,,1,0,0,0,0,0,0,0,0,1,1,1,1,0
DRB1*11:29,,,1,0,0,0,0,0,0,0,0,1,1,1,1,0
DRB1*11:30,,,1,0,0,1,0,0,0,0,0,1,1,1,1,0
DRB1*11:31,,,1,0,0,0,0,1,0,0,0,1,1,1,1,0
DRB1*11:32,,,1,0,0,0,0,0,0,0,0,1,0,1,1,0
DRB1*11:34,,,1,0,0,0,0,0,1,1,0,1,1,1,1,1
DRB1*11:36,,,1,0,0,0,0,0,1,0,0,0,1,1,1,1
DRB1*11:40,,,1,0,0,0,0,0,0,0,0,0,1,1,1,1
DRB1*11:41,,,1,0,0,0,0,0,0,0,0,0,1,1,1,1
DRB1*11:44,,,1,0,0,0,0,0,0,0,0,1,1,1,1,1
DRB1*11:45,,,1,0,0,0,0,1,0,0,0,1,0,1,1,0
DRB1*11:46,,,1,0,0,0,0,0,0,0,0,1,1,1,1,1
DRB1*11:47,,,1,0,0,0,0,0,0,0,0,1,1,1,1,1
DRB1*11:48,,,1,0,0,0,0,1,0,0,0,0,1,1,1,1
DRB1*11:49,,,1,0,0,0,0,0,0,0,0,1,1,1,1,0
DRB1*11:50,,,1,0,0,0,0,0,0,0,0,1,1,1,1,1
DRB1*11:52,,,1,0,0,0,0,0,1,0,0,1,0,1,1,1
DRB1*11:53,,,1,0,0,0,0,0,0,1,0,0,0,1,1,0
DRB1*11:54,,,1,0,0,0,0,0,0,0,0,1,0,1,1,1
DRB1*11:55,,,1,0,0,0,0,0,0,0,0,0,0,1,1,1
DRB1*11:57,,,1,0,0,0,0,0,1,0,0,1,1,1,1,1
DRB1*11:59,,,1,0,0,0,0,0,0,0,0,0,1,1,1,1
DRB1*11:62,,,1,0,0,0,0,0,0,0,0,1,1,1,1,0
DRB1*11:63,,,1,0,0,0,0,0,0,0,0,0,1,1,1,1
DRB1*11:64,,,1,0,0,0,0,0,1,0,0,1,0,1,1,0
DRB1*11:67,,,1,0,0,0,0,0,0,0,0,1,0,1,1,1
DRB1*11:68,,,1,0,0,0,0,0,1,0,0,0,1,1,1,0
DRB1*11:69,,,1,0,0,0,0,0,0,1,1,0,1,1,1,0
DRB1*11:70,,,1,0,0,0,0,1,0,0,0,0,0,1,1,1
DRB1*11:72,,,1,0,0,0,0,0,0,0,0,1,1,1,1,0
DRB1*11:73,,,1,0,0,0,0,1,0,0,0,0,1,1,1,0
DRB1*11:76,,,1,0,0,0,0,0,0,0,0,0,1,1,1,1
DRB1*11:79,,,1,0,0,0,0,0,1,1,0,0,1,1,1,0
DRB1*11:80,,,1,0,0,0,0,0,0,0,0,1,1,1,1,0
DRB1*11:82,,,1,0,0,0,0,1,0,1,1,0,1,1,1,0
DRB1*11:83,,,1,0,0,0,0,0,0,0,0,1,1,1,1,1
DRB1*11:84,,,1,0,0,0,0,0,0,0,0,1,1,0,1,1
DRB1*11:85,,,1,0,0,0,0,0,0,0,0,0,1,1,1,1
DRB1*11:86,,,1,0,0,0,0,1,0,0,0,0,1,1,1,0
DRB1*11:87,,,1,0,0,0,0,0,0,0,0,1,1,1,1,0
DRB1*11:89,,,1,0,0,0,0,0,0,0,0,1,0,1,1,1
DRB1*11:92,,,1,0,0,0,0,0,0,0,0,1,1,1,1,1
DRB1*11:93,,,1,0,0,0,0,0,0,0,0,0,1,1,1,0
DRB1*11:95,,,1,0,0,0,0,0,0,0,0,1,1,1,1,0
DRB1*11:96,,,1,0,0,0,0,0,0,0,0,1,1,1,1,0
DRB1*11:98,,,1,0,0,0,0,1,0,0,0,0,1,1,1,1
DRB1*11:99,,,1,0,0,0,0,0,0,0,0,1,1,1,1,0
DRB1*12:03,,,1,0,0,0,0,1,0,0,0,1,1,1,1,1
DRB1*12:04,,,1,0,0,0,0,1,0,0,0,1,1,1,1,1
DRB1*12:05,,,1,0,0,0,0,1,0,0,0,1,1,1,1,1
DRB1*12:08,,,1,0,0,0,0,1,0,0,0,1,1,1,1,1
DRB1*12:09,,,1,0,0,0,0,1,0,0,0,1,1,1,1,1
DRB1*12:11,,,1,0,0,0,0,1,0,0,0,1,1,1,1,1
DRB1*12:12,,,1,0,0,0,0,0,1,0,0,1,1,1,1,1
DRB1*12:14,,,1,0,0,0,0,1,0,0,0,1,1,1,1,1
DRB1*12:15,,,1,0,0,0,0,0,0,0,0,1,1,1,1,1
DRB1*12:16,,,1,0,0,0,0,0,0,0,0,1,1,1,1,0
DRB1*12:19,,,1,0,0,0,0,0,0,0,0,1,1,1,1,1
DRB1*12:20,,,1,0,0,0,0,0,0,0,0,1,1,1,1,1
DRB1*12:21,,,1,0,0,0,0,0,0,0,0,1,1,1,1,1
DRB1*12:22,,,1,0,0,0,0,1,0,0,0,1,1,0,1,0
DRB1*12:26,,,1,0,0,0,0,0,0,0,0,1,1,1,1,1
DRB1*12:27,,,1,0,0,0,0,0,0,0,0,1,1,1,1,1
DRB1*12:28,,,1,0,0,0,0,1,0,0,0,1,1,1,1,1
DRB1*12:32,,,1,0,0,0,0,0,0,0,0,1,1,1,1,1
DRB1*12:36,,,1,0,0,0,0,1,0,0,0,1,1,1,1,1
DRB1*12:38,,,1,0,0,0,0,1,0,0,0,1,1,1,1,1
DRB1*12:39,,,1,0,0,0,0,1,0,0,0,1,1,1,1,0
DRB1*13:04,,,1,0,0,0,0,1,0,0,0,0,1,1,1,1
DRB1*13:05,,,1,0,0,0,0,0,0,0,0,1,1,1,1,0
DRB1*13:06,,,1,0,0,0,0,1,0,0,0,1,1,1,1,1
DRB1*13:07,,,1,0,0,0,0,0,0,0,0,1,1,1,1,0
DRB1*13:08,,,1,0,0,0,0,1,0,0,0,0,1,1,1,1
DRB1*13:09,,,1,0,0,0,0,1,0,1,1,0,1,1,1,1
DRB1*13:10,,,1,0,0,0,0,1,0,0,0,0,1,1,1,1
DRB1*13:100,,,1,0,0,0,0,0,0,0,0,1,1,1,1,0
DRB1*13:101,,,1,0,0,0,0,1,0,0,0,0,1,1,1,0
DRB1*13:102,,,1,0,0,0,0,1,0,0,0,0,1,1,1,1
DRB1*13:103,,,1,0,0,0,0,1,0,0,0,0,1,1,1,0
DRB1*13:104,,,1,0,0,0,0,1,0,0,0,0,1,1,1,0
DRB1*13:106,,,1,0,0,0,0,1,0,0,0,0,1,1,1,1
DRB1*13:107,,,1,0,0,0,0,1,0,0,0,0,1,1,1,0
DRB1*13:108,,,1,0,0,0,0,0,0,0,0,1,1,1,1,1
DRB1*13:111,,,1,0,0,0,0,0,0,0,0,0,1,1,1,1
DRB1*13:114,,,1,0,0,0,0,0,0,0,0,0,1,1,1,1
DRB1*13:115,,,1,0,0,0,0,1,0,0,0,0,1,1,1,0
DRB1*13:116,,,1,0,0,0,0,1,0,0,0,0,1,1,1,1
DRB1*13:119,,,1,0,0,0,0,0,1,0,0,1,0,1,1,0
DRB1*13:120,,,1,0,0,0,0,1,0,0,0,0,1,1,1,0
DRB1*13:121,,,1,0,0,0,0,1,0,0,0,0,1,1,1,1
DRB1*13:123,,,1,0,0,0,0,1,0,0,0,0,1,1,1,0
DRB1*13:124,,,1,0,0,0,0,1,0,0,0,0,1,1,1,0
DRB1*13:125,,,1,0,0,0,0,1,0,0,0,0,1,1,1,1
DRB1*13:127,,,1,0,0,0,0,1,0,0,0,0,1,1,1,1
DRB1*13:129,,,1,0,0,0,0,1,0,1,1,0,1,1,1,1
DRB1*13:13,,,1,0,0,0,0,1,0,0,0,1,0,1,1,0
DRB1*13:132,,,1,0,0,0,0,0,0,0,0,1,1,1,1,0
DRB1*13:133,,,1,0,0,0,0,1,0,0,0,0,1,1,1,0
DRB1*13:134,,,1,0,0,0,0,0,1,0,0,1,1,1,1,0
DRB1*13:135,,,1,0,0,0,0,1,0,0,0,0,1,1,1,0
DRB1*13:136,,,1,0,0,0,0,0,0,0,0,1,1,1,1,0
DRB1*13:138,,,1,0,0,0,0,1,0,0,0,0,1,1,1,1
DRB1*13:139,,,1,0,0,0,0,1,0,0,0,0,1,1,1,0
DRB1*13:14,,,1,0,0,0,0,0,0,0,0,1,1,1,1,0
DRB1*13:143,,,1,0,0,0,0,1,0,0,0,0,1,1,1,0
DRB1*13:144,,,1,0,0,0,0,0,0,0,0,1,0,1,1,1
DRB1*13:145,,,1,0,0,0,0,1,0,0,0,0,1,1,1,0
DRB1*13:146,,,1,0,0,0,0,1,0,0,0,0,0,1,1,1
DRB1*13:149,,,1,0,0,0,0,0,1,0,0,0,1,1,1,1
DRB1*13:15,,,1,0,0,0,0,1,0,0,0,0,1,1,1,1
DRB1*13:151,,,1,0,0,0,0,1,0,0,0,0,1,1,1,0
DRB1*13:152,,,1,0,0,0,0,1,0,0,0,0,1,1,1,0
DRB1*13:154,,,1,0,0,0,0,1,0,0,0,1,0,1,1,0
DRB1*13:156,,,1,0,0,0,0,1,0,0,0,1,0,1,1,1
DRB1*13:157,,,1,0,0,0,0,1,0,0,0,1,1,1,1,0
DRB1*13:158,,,1,0,0,0,0,0,0,0,0,1,0,1,1,0
DRB1*13:159,,,1,0,0,0,0,1,0,0,0,0,1,1,1,0
DRB1*13:160,,,1,0,0,0,0,1,0,0,0,0,1,1,1,1
DRB1*13:162,,,1,0,0,0,0,1,0,0,0,0,1,1,1,1
DRB1*13:163,,,1,0,0,0,0,1,0,0,0,1,1,1,1,1
DRB1*13:164,,,1,0,0,0,0,0,0,0,0,1,0,1,1,1
DRB1*13:17,,,1,0,0,0,0,1,0,0,0,0,1,1,1,1
DRB1*13:18,,,1,0,0,0,0,0,0,0,0,1,0,1,1,1
DRB1*13:19,,,1,0,0,0,0,1,0,0,0,0,1,1,1,1
DRB1*13:20,,,1,0,0,0,0,0,1,0,0,0,1,1,1,1
DRB1*13:21,,,1,0,0,0,0,0,0,0,0,1,1,1,1,0
DRB1*13:22,,,1,0,0,0,0,1,0,0,0,0,1,1,1,1
DRB1*13:23,,,1,0,0,0,0,1,0,0,0,0,1,1,1,0
DRB1*13:24,,,1,0,0,0,0,0,0,0,0,0,1,1,1,1
DRB1*13:25,,,1,0,0,0,0,0,1,0,0,1,1,1,1,0
DRB1*13:26,,,1,0,0,0,0,0,0,0,0,1,1,1,1,0
DRB1*13:27,,,1,0,0,0,0,1,0,0,0,0,1,1,1,1
DRB1*13:29,,,1,0,0,0,0,0,1,0,0,0,1,1,1,0
DRB1*13:30,,,1,0,0,0,0,1,0,0,0,1,1,1,1,0
DRB1*13:31,,,1,0,0,0,0,1,0,0,0,0,1,1,1,0
DRB1*13:32,,,1,0,0,0,0,1,0,0,0,0,1,1,1,1
DRB1*13:33,,,1,0,0,0,0,1,0,0,0,0,1,0,1,0
DRB1*13:34,,,1,0,0,0,0,1,0,0,0,0,1,1,1,0
DRB1*13:36,,,1,0,0,0,0,1,0,0,0,0,1,1,1,0
DRB1*13:37,,,1,0,0,0,0,1,0,0,0,0,1,1,1,0
DRB1*13:38,,,1,0,0,0,0,1,0,0,0,0,1,1,1,0
DRB1*13:39,,,1,0,0,0,0,1,0,0,0,0,1,1,1,0
DRB1*13:40,,,1,0,0,0,0,1,0,0,0,0,1,1,1,1
DRB1*13:41,,,1,0,0,0,0,1,0,0,0,0,1,1,1,0
DRB1*13:42,,,1,0,0,0,0,0,0,0,0,1,1,1,1,1
DRB1*13:43,,,1,0,0,0,0,0,1,0,0,0,1,1,1,1
DRB1*13:44,,,1,0,0,0,0,0,1,1,0,1,1,1,1,1
DRB1*13:45,,,1,0,0,0,0,1,0,0,0,0,1,1,1,0
DRB1*13:46,,,1,0,0,0,0,0,0,0,0,1,1,1,1,0
DRB1*13:47,,,1,0,0,0,0,0,0,0,0,1,0,1,1,0
DRB1*13:48,,,1,0,0,0,0,1,0,0,0,0,1,1,1,1
DRB1*13:49,,,1,0,0,0,0,0,0,0,0,1,1,1,1,0
DRB1*13:50,,,1,0,0,0,0,0,0,0,0,1,1,1,1,0
DRB1*13:52,,,1,0,0,0,0,1,0,0,0,0,1,1,1,1
DRB1*13:53,,,1,0,0,0,0,1,0,0,0,0,1,1,1,1
DRB1*13:54,,,1,0,0,0,0,0,0,0,0,0,1,1,1,1
DRB1*13:55,,,1,0,0,0,0,0,0,0,0,1,0,1,1,0
DRB1*13:56,,,1,0,0,0,0,0,1,0,0,1,1,1,1,0
DRB1*13:57,,,1,0,0,0,0,1,0,0,0,0,1,1,1,1
DRB1*13:58,,,1,0,0,0,0,1,0,0,0,1,1,1,1,1
DRB1*13:60,,,1,0,0,0,0,0,1,0,0,1,1,1,1,0
DRB1*13:61,,,1,0,0,0,0,1,0,0,0,0,1,0,1,1
DRB1*13:62,,,1,0,0,0,0,0,0,0,0,1,1,1,1,0
DRB1*13:63,,,1,0,0,0,0,0,0,0,0,0,1,1,1,0
DRB1*13:64,,,1,0,0,0,0,1,0,0,0,0,1,1,1,1
DRB1*13:65,,,1,0,0,0,0,1,0,0,0,0,1,1,1,0
DRB1*13:66,,,1,0,0,0,0,1,0,0,0,0,1,1,1,0
DRB1*13:67,,,1,0,0,1,0,1,0,0,0,0,1,1,1,0
DRB1*13:69,,,1,0,0,0,0,1,0,0,0,0,1,1,1,1
DRB1*13:70,,,1,0,0,0,0,1,0,0,0,0,1,1,1,1
DRB1*13:71,,,1,0,0,0,0,0,1,0,0,0,1,1,1,1
DRB1*13:72,,,1,0,0,0,0,1,0,0,0,0,1,1,1,1
DRB1*13:73,,,1,0,0,0,0,1,0,0,0,0,1,1,1,0
DRB1*13:75,,,1,0,0,0,0,0,0,0,0,0,1,1,1,1
DRB1*13:76,,,1,0,0,0,0,1,0,0,0,0,0,1,1,1
DRB1*13:77,,,1,0,0,0,0,1,0,0,0,1,1,1,1,1
DRB1*13:78,,,1,0,0,0,0,0,1,0,0,0,1,1,1,1
DRB1*13:79,,,1,0,0,0,0,1,0,0,0,0,1,1,1,1
DRB1*13:81,,,1,0,0,0,0,1,0,0,0,0,1,1,1,1
DRB1*13:82,,,1,0,0,0,0,1,0,0,0,1,1,1,1,0
DRB1*13:83,,,1,0,0,0,0,1,0,0,0,0,1,1,1,1
DRB1*13:84,,,1,0,0,0,0,1,0,0,0,0,1,1,1,1
DRB1*13:85,,,1,0,0,0,0,1,0,0,0,0,1,1,1,0
DRB1*13:86,,,1,0,0,0,0,0,1,1,0,1,1,1,1,0
DRB1*13:88,,,1,0,0,0,0,0,1,0,0,0,1,1,1,0
DRB1*13:89,,,1,0,0,0,0,1,0,0,0,0,1,1,1,1
DRB1*13:92,,,1,0,0,0,0,1,0,0,0,0,1,1,1,1
DRB1*13:93,,,1,0,0,0,0,1,0,0,0,0,1,1,1,1
DRB1*13:94,,,1,0,0,0,0,1,0,0,0,0,1,0,1,1
DRB1*13:96,,,1,0,0,0,0,1,0,0,0,0,1,0,1,0
DRB1*13:97,,,1,0,0,0,0,1,0,0,0,0,1,1,1,0
DRB1*14:02,,,1,0,0,0,0,0,1,1,0,1,1,1,1,0
DRB1*14:04,,,1,0,0,0,0,0,1,0,0,1,0,1,1,1
DRB1*14:07,,,1,0,0,0,0,0,1,0,0,1,0,1,1,0
DRB1*14:08,,,1,0,0,0,0,0,1,0,0,1,0,1,1,1
DRB1*14:09,,,1,0,0,0,0,0,1,1,0,1,1,1,1,0
DRB1*14:10,,,1,1,1,1,1,0,1,0,0,1,0,1,1,1
DRB1*14:100,,,1,0,0,0,0,0,1,0,0,1,1,1,1,1
DRB1*14:101,,,1,0,0,0,0,0,1,0,0,1,0,1,1,1
DRB1*14:102,,,1,0,0,0,0,0,1,0,0,1,0,1,1,0
DRB1*14:104,,,1,0,0,0,0,0,1,0,0,1,0,1,1,1
DRB1*14:105,,,1,0,0,0,0,0,0,0,0,1,1,1,1,1
DRB1*14:106,,,1,0,0,0,0,0,1,1,0,1,0,1,1,1
DRB1*14:107,,,1,0,0,0,0,0,1,1,0,0,0,1,1,1
DRB1*14:108,,,1,0,0,0,0,0,0,1,0,1,1,1,1,1
DRB1*14:109,,,1,0,0,0,0,0,1,1,0,0,1,1,1,0
DRB1*14:11,,,1,0,0,0,0,0,1,0,0,1,0,1,1,1
DRB1*14:110,,,1,0,0,0,0,0,1,0,0,1,0,1,1,1
DRB1*14:111,,,1,0,0,0,0,0,1,1,0,0,0,1,1,1
DRB1*14:115,,,1,0,0,0,0,0,1,0,0,1,0,1,1,0
DRB1*14:116,,,1,0,0,0,0,0,1,0,0,1,0,1,1,0
DRB1*14:119,,,1,0,0,0,0,0,1,1,0,1,1,1,1,0
DRB1*14:12,,,1,0,0,0,0,0,1,0,0,1,0,1,1,1
DRB1*14:120,,,1,0,0,0,0,1,0,0,0,1,0,1,1,1
DRB1*14:121,,,1,0,0,0,0,0,1,1,0,1,1,1,1,1
DRB1*14:122,,,1,0,0,0,0,1,0,0,0,1,0,1,1,1
DRB1*14:123,,,1,0,0,0,0,0,1,0,0,1,1,1,1,1
DRB1*14:124,,,1,0,0,0,0,0,1,0,0,1,0,1,1,1
DRB1*14:126,,,1,0,0,0,0,0,1,0,0,1,0,1,1,1
DRB1*14:127,,,1,0,0,0,0,0,1,0,0,1,0,0,1,1
DRB1*14:128,,,1,0,0,0,0,0,0,0,0,1,1,1,1,1
DRB1*14:13,,,1,0,0,0,0,0,1,1,0,1,1,1,1,0
DRB1*14:130,,,1,0,0,0,0,0,1,0,0,1,0,1,1,1
DRB1*14:132,,,1,0,0,0,0,0,1,0,0,1,0,1,1,1
DRB1*14:133,,,1,0,0,0,0,0,1,0,0,1,0,1,1,1
DRB1*14:134,,,1,0,0,0,0,0,1,0,0,1,0,1,1,0
DRB1*14:136,,,1,0,0,0,0,0,1,0,0,1,0,1,1,1
DRB1*14:138,,,1,0,0,0,0,0,1,0,0,1,0,1,1,1
DRB1*14:140,,,1,0,0,0,0,0,1,0,0,1,0,1,1,1
DRB1*14:141,,,1,0,0,1,0,0,1,1,0,0,0,0,1,0
DRB1*14:15,,,1,0,0,0,0,0,0,0,0,1,0,1,1,1
DRB1*14:16,,,1,0,0,0,0,1,0,0,0,0,1,1,1,1
DRB1*14:17,,,1,0,0,0,0,0,1,1,0,1,1,1,1,1
DRB1*14:18,,,1,0,0,0,0,0,1,0,0,1,0,1,1,1
DRB1*14:19,,,1,0,0,0,0,0,1,1,0,0,1,1,1,0
DRB1*14:20,,,1,0,0,0,0,0,1,1,0,1,1,1,1,1
DRB1*14:21,,,1,0,0,0,0,0,1,1,0,0,1,1,1,1
DRB1*14:22,,,1,0,0,0,0,0,0,0,0,1,1,1,1,0
DRB1*14:23,,,1,0,0,0,0,0,1,0,0,1,0,1,1,1
DRB1*14:24,,,1,0,0,0,0,1,0,1,1,0,1,1,1,0
DRB1*14:25,,,1,0,0,0,0,0,0,0,0,1,1,1,1,0
DRB1*14:26,,,1,0,0,0,0,0,1,0,0,1,0,1,1,1
DRB1*14:27,,,1,0,0,0,0,0,0,0,0,1,0,1,1,0
DRB1*14:28,,,1,0,0,0,0,0,1,0,0,1,0,1,1,1
DRB1*14:29,,,1,0,0,0,0,0,1,1,0,1,1,1,1,1
DRB1*14:30,,,1,0,0,0,0,0,1,1,0,1,1,1,1,0
DRB1*14:31,,,1,0,0,0,0,0,1,0,0,1,1,1,1,1
DRB1*14:32,,,1,0,0,0,0,0,1,0,0,1,1,1,1,1
DRB1*14:33,,,1,0,0,0,0,0,1,1,0,1,0,1,1,1
DRB1*14:34,,,1,0,0,0,0,0,1,0,0,1,1,1,1,1
DRB1*14:35,,,1,0,0,0,0,0,1,0,0,1,0,1,1,1
DRB1*14:37,,,1,0,0,0,0,1,0,1,1,0,1,1,1,1
DRB1*14:38,,,1,0,0,0,0,0,1,0,0,1,0,0,1,1
DRB1*14:39,,,1,0,0,0,0,0,1,0,0,1,0,1,1,1
DRB1*14:40,,,1,0,0,0,0,0,1,0,0,1,0,1,1,0
DRB1*14:41,,,1,0,0,0,0,0,1,1,0,1,1,1,1,0
DRB1*14:42,,,1,0,0,0,0,0,1,0,0,1,0,1,1,0
DRB1*14:43,,,1,0,0,0,0,0,1,0,0,1,0,0,1,1
DRB1*14:44,,,1,0,0,0,0,0,1,0,0,1,0,1,1,0
DRB1*14:45,,,1,0,0,0,0,1,0,0,0,1,0,1,1,1
DRB1*14:46,,,1,0,0,1,0,0,1,1,0,1,1,1,1,0
DRB1*14:47,,,1,0,0,0,0,0,1,1,0,1,1,0,1,0
DRB1*14:48,,,1,0,0,0,0,0,1,1,0,1,1,1,1,0
DRB1*14:49,,,1,0,0,0,0,0,1,1,0,1,1,1,1,0
DRB1*14:50,,,1,0,0,0,0,0,1,0,0,1,0,0,1,1
DRB1*14:51,,,1,0,0,0,0,0,1,1,0,1,0,1,1,0
DRB1*14:52,,,1,0,0,0,0,0,1,1,0,1,1,1,1,1
DRB1*14:53,,,1,0,0,0,0,0,0,0,0,1,1,1,1,0
DRB1*14:55,,,1,0,0,0,0,0,1,0,0,1,0,1,1,1
DRB1*14:56,,,1,0,0,0,0,0,1,0,0,1,0,1,1,1
DRB1*14:57,,,1,1,1,1,1,1,0,0,0,0,1,1,1,1
DRB1*14:58,,,1,0,0,0,0,0,1,0,0,1,0,1,1,1
DRB1*14:59,,,1,0,0,0,0,0,1,0,0,1,0,1,1,1
DRB1*14:61,,,1,0,0,0,0,0,1,0,0,1,0,1,1,1
DRB1*14:62,,,1,0,0,0,0,0,1,0,0,1,0,1,1,1
DRB1*14:63,,,1,0,0,0,0,1,0,0,0,1,0,1,1,0
DRB1*14:64,,,1,0,0,0,0,0,1,0,0,1,0,1,1,1
DRB1*14:65,,,1,0,0,0,0,0,1,0,0,1,1,1,1,1
DRB1*14:67,,,1,0,0,0,0,1,0,0,0,1,0,1,1,0
DRB1*14:68,,,1,0,0,0,0,0,1,0,0,1,0,1,1,0
DRB1*14:69,,,1,0,0,0,0,0,1,0,0,1,1,1,1,0
DRB1*14:70,,,1,0,0,0,0,0,1,0,0,1,0,1,1,1
DRB1*14:71,,,1,0,0,0,0,0,1,0,0,1,0,1,1,0
DRB1*14:72,,,1,0,0,0,0,0,1,0,0,1,0,1,1,1
DRB1*14:73,,,1,0,0,0,0,0,0,0,0,1,0,1,1,1
DRB1*14:74,,,1,0,0,0,0,0,1,0,0,1,1,1,1,1
DRB1*14:76,,,1,0,0,0,0,0,1,1,0,0,0,0,1,1
DRB1*14:77,,,1,0,0,0,0,0,1,0,0,1,0,1,1,0
DRB1*14:78,,,1,0,0,0,0,1,0,0,0,1,0,1,1,1
DRB1*14:79,,,1,0,0,0,0,0,1,1,0,0,0,0,1,1
DRB1*14:80,,,1,0,0,0,0,0,1,1,0,1,1,1,1,1
DRB1*14:81,,,1,0,0,0,0,0,1,0,0,1,1,1,1,1
DRB1*14:82,,,1,0,0,0,0,0,1,0,0,1,0,1,1,1
DRB1*14:84,,,1,0,0,0,0,0,1,0,0,1,0,1,1,1
DRB1*14:85,,,1,0,0,0,0,0,1,0,0,1,0,1,1,0
DRB1*14:89,,,1,0,0,0,0,0,1,1,0,1,0,1,1,0
DRB1*14:91,,,1,0,0,0,0,0,1,0,0,1,0,1,1,1
DRB1*14:93,,,1,0,0,0,0,0,1,0,0,1,0,0,1,0
DRB1*14:94,,,1,0,0,0,0,0,1,1,0,1,1,1,1,0
DRB1*14:95,,,1,0,0,0,0,0,1,0,0,1,0,1,1,1
DRB1*14:97,,,1,0,0,0,0,0,1,0,0,1,0,1,1,1
DRB1*14:98,,,1,0,0,0,0,0,1,0,0,1,0,0,1,0
DRB1*14:99,,,1,0,0,0,0,0,1,0,0,1,0,1,1,1
DRB1*15:04,,,0,1,0,1,0,0,0,1,1,0,1,1,1,1
DRB1*15:10,,,0,1,0,1,0,1,0,0,0,0,1,1,1,1
DRB1*15:11,,,0,1,0,1,0,1,0,1,1,0,1,1,1,0
DRB1*15:12,,,0,1,0,1,0,1,0,1,1,0,1,1,1,1
DRB1*15:15,,,0,1,0,1,0,0,0,1,1,0,1,1,1,0
DRB1*15:18,,,0,1,0,1,0,1,0,0,1,0,1,1,1,1
DRB1*15:21,,,0,1,0,1,0,1,0,0,0,1,0,1,1,1
DRB1*15:23,,,0,1,0,1,0,0,1,1,1,0,1,1,1,1
DRB1*15:24,,,0,1,0,1,0,1,0,1,1,0,1,1,1,1
DRB1*15:25,,,0,1,0,1,0,0,1,1,0,0,0,0,1,1
DRB1*15:27,,,0,1,0,1,0,0,1,1,0,1,1,1,1,0
DRB1*15:28,,,0,1,0,1,0,1,0,1,1,0,1,1,1,1
DRB1*15:29,,,0,1,0,1,0,1,0,1,1,0,1,1,1,0
DRB1*15:30,,,0,1,0,1,0,1,0,1,1,0,1,1,1,0
DRB1*15:31,,,0,1,0,1,0,0,1,1,1,0,1,1,1,0
DRB1*15:32,,,0,1,0,1,0,1,0,1,1,0,1,1,1,1
DRB1*15:34,,,0,1,0,1,0,0,1,1,0,1,1,1,1,0
DRB1*15:35,,,0,1,0,1,0,1,0,1,1,0,1,1,1,1
DRB1*15:37,,,0,1,0,1,0,1,0,1,1,0,1,0,1,1
DRB1*15:38,,,0,1,0,1,0,1,0,1,1,0,1,1,1,0
DRB1*15:39,,,0,1,0,1,0,1,0,1,1,0,1,1,1,0
DRB1*15:44,,,0,1,0,1,0,1,0,1,1,0,1,1,1,0
DRB1*15:53,,,0,1,0,1,0,1,0,1,1,0,1,1,1,1
DRB1*15:54,,,0,1,0,1,0,0,1,1,0,1,1,1,1,1
DRB1*15:57,,,0,1,0,1,0,1,0,1,1,0,1,0,1,1
DRB1*15:58,,,0,1,0,1,0,1,0,1,1,0,1,1,1,0
DRB1*15:61,,,0,1,0,1,0,1,0,1,1,0,1,1,1,1
DRB1*15:62,,,0,1,0,1,0,1,0,1,1,0,1,1,1,1
DRB1*15:63,,,0,1,0,1,0,0,1,1,1,0,1,1,1,0
DRB1*15:66,,,0,1,0,1,0,0,1,1,0,1,1,1,1,1
DRB1*15:69,,,0,1,0,0,0,1,0,1,1,0,1,1,1,1
DRB1*15:71,,,0,1,0,1,0,1,0,1,1,0,1,1,1,1
DRB1*15:78,,,0,1,0,1,0,1,0,1,1,0,1,1,1,0
DRB1*15:81,,,0,1,0,1,0,1,0,1,1,0,1,1,1,1
DRB1*15:82,,,0,1,0,1,0,1,0,1,1,0,1,1,1,1
DRB1*15:84,,,0,1,0,1,0,1,0,1,0,0,1,1,1,1
DRB1*15:88,,,0,1,0,1,0,0,0,1,1,0,1,1,1,1
DRB1*15:91,,,0,1,0,1,0,1,0,1,1,0,0,1,1,1
DRB1*15:96,,,0,1,0,1,0,1,0,1,1,0,1,1,1,1
DRB1*16:04,,,0,1,0,1,0,0,0,0,0,1,0,1,1,0
DRB1*16:08,,,0,1,0,1,0,0,0,0,0,1,1,1,1,0
DRB1*16:09,,,0,1,0,1,0,0,0,0,0,1,1,1,1,0
DRB1*16:10,,,0,1,0,1,0,0,1,0,0,1,1,1,1,0
DRB1*16:11,,,0,1,0,1,0,0,1,0,0,1,1,1,1,0
DRB1*16:12,,,0,1,0,1,0,0,1,0,0,1,1,1,1,0
DRB1*16:14,,,0,1,0,1,0,0,1,0,0,1,1,1,1,0
DRB1*16:15,,,0,1,0,1,0,0,0,0,0,1,1,1,1,1
DRB1*16:16,,,0,1,0,1,0,0,1,0,0,1,1,1,1,0
DRB1*16:17,,,0,1,0,1,0,0,1,0,0,1,1,1,1,0
DRB1*16:18,,,0,1,0,1,0,0,1,0,0,1,0,1,1,0
DRB1*16:23,,,0,1,0,1,0,0,1,0,0,1,1,1,1,1
DRB1*16:24,,,0,1,0,1,0,0,0,0,0,1,1,1,1,0
