,DPA1*01:03,DPA1*01:03Q,DPA1*01:04,DPA1*01:05,DPA1*01:06,DPA1*01:07,DPA1*01:08,DPA1*01:09,DPA1*01:10,DPA1*01:11,DPA1*01:12,DPA1*01:13,DPA1*01:14,DPA1*01:15,DPA1*01:16,DPA1*01:17,DPA1*01:18,DPA1*01:19,DPA1*01:20,DPA1*01:21Q,DPA1*01:22,DPA1*01:23,DPA1*01:24,DPA1*01:25,DPA1*01:26,DPA1*01:27,DPA1*01:28,DPA1*01:29N,DPA1*01:30,DPA1*01:31,DPA1*01:32N,DPA1*01:33,DPA1*01:34,DPA1*02:01,DPA1*02:02,DPA1*02:03,DPA1*02:04,DPA1*02:05,DPA1*02:06,DPA1*02:07,DPA1*02:08,DPA1*02:09,DPA1*02:10,DPA1*02:11,DPA1*02:12,DPA1*02:13N,DPA1*02:14,DPA1*02:15,DPA1*02:16,DPA1*02:17,DPA1*02:18,DPA1*02:19,DPA1*02:20,DPA1*02:21,DPA1*02:22,DPA1*02:23,DPA1*02:24,DPA1*02:25,DPA1*02:26,DPA1*02:27,DPA1*02:28,DPA1*02:29,DPA1*02:30,DPA1*02:31,DPA1*02:32N,DPA1*03:01,DPA1*03:02,DPA1*03:03,DPA1*03:04,DPA1*03:05Q,DPA1*03:06,DPA1*04:01,DPA1*04:02
DPA1*01:03,0,0,420,3001,2990,2994,2995,2998,2993,2994,2998,2994,2,366,2994,2757,4,2,3,1271,363,366,363,366,365,366,366,2,2,2,1656,19,1561,38,43,2989,2993,2993,47,44,40,42,44,2534,46,403,47,51,1664,407,399,402,407,398,2761,402,401,1562,41,403,401,41,49,41,1133,12,2987,3000,14,16,383,53,51
DPA1*01:03Q,0,0,420,3001,2990,2994,2995,2998,2993,2994,2998,2994,2,366,2994,2757,4,2,3,1271,363,366,363,366,365,366,366,2,2,2,1656,19,1561,38,43,2989,2993,2993,47,44,40,42,44,2534,46,403,47,51,1664,407,399,402,407,398,2761,402,401,1562,41,403,401,41,49,41,1133,12,2987,3000,14,16,383,53,51
DPA1*01:04,420,420,0,2899,2872,3084,2877,2880,2875,2876,2880,2876,422,484,2876,2617,424,422,419,1301,481,484,481,484,483,484,484,422,422,422,1726,439,1457,458,463,3085,2875,2875,467,464,460,462,464,2220,466,521,467,471,1734,525,517,520,525,516,2433,520,519,1458,461,521,519,459,469,461,1201,432,3083,2882,434,432,501,469,467
DPA1*01:05,3001,3001,2899,0,767,1155,768,763,768,767,763,767,3003,3081,765,1028,3003,3001,3000,2960,3084,3085,3086,3085,3084,3083,3087,3003,3001,3001,2787,2998,2770,2999,2998,482,772,770,2996,2997,3001,2995,2997,2297,2999,3084,2996,2998,2787,3082,3082,3083,3082,3083,2790,3083,3082,2775,3000,3082,3080,3000,2996,3000,2970,3001,492,765,3001,3001,3088,2994,2994
DPA1*01:06,2990,2990,2872,767,0,432,13,14,13,12,14,14,2992,3070,12,969,2992,2990,2989,2717,3073,3072,3071,3072,3073,3070,3074,2992,2990,2990,2794,2987,2781,2990,2991,1151,25,25,2989,2990,2992,2988,2992,2100,2992,3073,2989,2991,2798,3071,3071,3070,3073,3070,2707,3072,3071,2788,2991,3071,3069,2991,2989,2991,2833,2988,1153,22,2988,2988,3071,2989,2989
DPA1*01:07,2994,2994,3084,1155,432,0,425,426,425,424,426,426,2996,3076,424,1347,2996,2994,2993,2721,3079,3078,3077,3078,3079,3078,3080,2996,2994,2994,2624,2991,2759,2992,2997,1155,445,445,2995,2996,2994,2990,2998,2330,2998,3077,2995,2997,2626,3079,3075,3074,3081,3074,2821,3078,3075,2772,2993,3079,3077,2993,2995,2993,2819,2994,1157,434,2994,2994,3079,2993,2993
DPA1*01:08,2995,2995,2877,768,13,425,0,7,6,1,7,7,2997,3075,5,970,2997,2995,2994,2710,3078,3077,3076,3077,3078,3075,3079,2997,2995,2995,2797,2992,2784,2995,2996,1150,22,22,2994,2995,2997,2993,2997,2101,2997,3078,2994,2996,2801,3076,3076,3075,3078,3075,2706,3077,3076,2791,2996,3076,3074,2996,2994,2996,2830,2993,1154,13,2993,2993,3076,2994,2994
DPA1*01:09,2998,2998,2880,763,14,426,7,0,7,6,8,8,3000,3078,6,967,3000,2998,2997,2707,3081,3080,3079,3080,3081,3078,3082,3000,2998,2998,2800,2995,2787,2998,2999,1147,27,27,2997,2998,3000,2996,3000,2104,3000,3081,2997,2999,2804,3079,3079,3078,3081,3078,2705,3080,3079,2794,2999,3079,3077,2999,2997,2999,2833,2996,1149,16,2996,2996,3079,2997,2997
DPA1*01:10,2993,2993,2875,768,13,425,6,7,0,5,7,7,2995,3073,5,970,2995,2993,2992,2714,3076,3075,3074,3075,3076,3073,3077,2995,2993,2993,2793,2990,2780,2993,2994,1152,26,26,2992,2993,2995,2991,2995,2103,2995,3076,2992,2994,2797,3074,3074,3073,3076,3073,2710,3075,3074,2787,2994,3074,3072,2994,2992,2994,2834,2991,1154,15,2991,2991,3074,2992,2992
DPA1*01:11,2994,2994,2876,767,12,424,1,6,5,0,6,6,2996,3074,4,971,2996,2994,2993,2711,3077,3076,3075,3076,3077,3074,3078,2996,2994,2994,2796,2991,2783,2994,2995,1149,21,21,2993,2994,2996,2992,2996,2102,2996,3077,2993,2995,2800,3075,3075,3074,3077,3074,2707,3076,3075,2790,2995,3075,3073,2995,2993,2995,2831,2992,1153,14,2992,2992,3075,2993,2993
DPA1*01:12,2998,2998,2880,763,14,426,7,8,7,6,0,8,3000,3078,6,965,3000,2998,2997,2715,3081,3080,3079,3080,3081,3078,3082,3000,2998,2998,2800,2995,2787,2998,2999,1147,27,27,2997,2998,3000,2996,3000,2102,3000,3081,2997,2999,2804,3079,3079,3078,3081,3078,2705,3080,3079,2794,2999,3079,3077,2999,2997,2999,2833,2996,1149,8,2996,2996,3079,2997,2997
DPA1*01:13,2994,2994,2876,767,14,426,7,8,7,6,8,0,2996,3074,6,971,2996,2994,2993,2707,3077,3076,3075,3076,3077,3074,3078,2996,2994,2994,2794,2991,2781,2994,2995,1151,19,19,2993,2994,2996,2992,2996,2102,2996,3077,2993,2995,2798,3075,3075,3074,3077,3074,2709,3076,3075,2788,2995,3075,3073,2995,2993,2995,2833,2992,1153,8,2992,2992,3075,2993,2993
DPA1*01:14,2,2,422,3003,2992,2996,2997,3000,2995,2996,3000,2996,0,368,2996,2759,6,4,5,1273,365,368,365,368,367,368,368,4,4,4,1658,21,1563,40,45,2991,2995,2995,49,46,42,44,46,2536,44,405,49,53,1666,409,401,404,409,400,2759,404,403,1564,43,405,403,43,51,43,1135,14,2989,3002,16,18,385,55,53
DPA1*01:15,366,366,484,3081,3070,3076,3075,3078,3073,3074,3078,3074,368,0,3074,2839,370,368,369,917,5,8,5,8,7,8,8,368,368,368,1708,385,1647,404,409,2959,3073,3073,413,410,406,400,410,2610,412,45,413,417,1716,49,41,44,49,40,2819,44,43,1648,407,45,43,403,415,407,1175,378,2957,3080,380,378,25,415,413
DPA1*01:16,2994,2994,2876,765,12,424,5,6,5,4,6,6,2996,3074,0,967,2996,2994,2993,2711,3077,3076,3075,3076,3077,3074,3078,2996,2994,2994,2796,2991,2783,2994,2995,1149,25,25,2993,2994,2996,2992,2996,2102,2996,3077,2993,2995,2800,3075,3075,3074,3077,3074,2709,3076,3075,2790,2995,3075,3073,2995,2993,2995,2835,2992,1151,14,2992,2992,3075,2993,2993
DPA1*01:17,2757,2757,2617,1028,969,1347,970,967,970,971,965,971,2759,2839,967,0,2759,2757,2756,2838,2842,2839,2840,2839,2840,2839,2843,2759,2757,2759,2593,2756,2584,2755,2756,1396,964,966,2754,2753,2757,2753,2755,1983,2755,2840,2754,2756,2599,2840,2838,2837,2840,2837,2196,2839,2838,2595,2756,2838,2836,2756,2754,2756,2736,2757,1396,965,2757,2757,2844,2756,2756
DPA1*01:18,4,4,424,3003,2992,2996,2997,3000,2995,2996,3000,2996,6,370,2996,2759,0,6,7,1275,367,370,367,370,369,370,370,6,6,6,1654,23,1559,42,47,2991,2995,2995,51,48,44,46,48,2532,50,407,51,55,1662,411,403,406,411,402,2763,406,405,1560,45,407,405,45,53,45,1131,16,2989,3002,18,20,387,57,55
DPA1*01:19,2,2,422,3001,2990,2994,2995,2998,2993,2994,2998,2994,4,368,2994,2757,6,0,5,1273,365,368,365,368,367,368,368,4,4,4,1656,21,1561,40,45,2989,2993,2993,49,46,42,44,46,2532,48,405,49,53,1664,409,401,404,409,400,2759,404,403,1562,43,405,403,43,51,43,1135,14,2987,3000,16,18,385,55,53
DPA1*01:20,3,3,419,3000,2989,2993,2994,2997,2992,2993,2997,2993,5,369,2993,2756,7,5,0,1272,366,369,366,369,368,369,369,5,5,5,1655,22,1560,41,46,2990,2992,2992,50,47,43,45,47,2533,49,406,50,54,1663,410,402,405,410,401,2762,405,404,1561,44,406,404,44,52,44,1132,15,2988,2999,17,19,386,56,54
DPA1*01:21Q,1271,1271,1301,2960,2717,2721,2710,2707,2714,2711,2715,2707,1273,917,2711,2838,1275,1273,1272,0,914,911,912,917,916,911,917,1273,1273,1273,2193,1290,2162,1295,1296,2836,2710,2710,1300,1291,1297,1299,1297,2617,1293,940,1300,1304,2189,940,936,935,940,935,2754,935,938,2159,1298,936,934,1294,1302,1298,1242,1265,2836,2713,1267,1265,904,1310,1308
DPA1*01:22,363,363,481,3084,3073,3079,3078,3081,3076,3077,3081,3077,365,5,3077,2842,367,365,366,914,0,5,2,5,4,5,5,365,365,365,1703,382,1642,401,406,2962,3076,3076,410,407,403,405,407,2609,409,42,410,414,1711,46,38,41,46,37,2822,41,40,1643,404,42,40,400,412,404,1174,375,2960,3083,377,375,22,412,410
DPA1*01:23,366,366,484,3085,3072,3078,3077,3080,3075,3076,3080,3076,368,8,3076,2839,370,368,369,911,5,0,5,8,7,8,8,368,368,368,1700,385,1639,404,409,2963,3075,3075,413,410,406,408,410,2612,412,45,413,417,1708,49,41,44,49,40,2819,44,43,1640,407,45,43,403,415,407,1175,378,2961,3082,380,378,25,415,413
DPA1*01:24,363,363,481,3086,3071,3077,3076,3079,3074,3075,3079,3075,365,5,3075,2840,367,365,366,912,2,5,0,5,4,5,5,365,365,365,1703,382,1642,401,406,2964,3074,3074,410,407,403,405,407,2607,409,42,410,414,1711,46,38,41,46,37,2820,41,40,1643,404,42,40,400,412,404,1172,375,2962,3081,377,375,22,412,410
DPA1*01:25,366,366,484,3085,3072,3078,3077,3080,3075,3076,3080,3076,368,8,3076,2839,370,368,369,917,5,8,5,0,7,8,8,368,368,368,1708,385,1647,404,409,2963,3075,3075,413,410,406,408,410,2610,412,45,413,417,1716,49,41,44,49,40,2819,44,43,1648,407,45,43,403,415,407,1175,378,2961,3082,380,378,25,415,413
DPA1*01:26,365,365,483,3084,3073,3079,3078,3081,3076,3077,3081,3077,367,7,3077,2840,369,367,368,916,4,7,4,7,0,7,7,367,363,367,1705,384,1644,403,408,2962,3076,3076,412,409,405,407,409,2609,411,44,412,416,1715,48,40,43,48,39,2820,43,42,1647,406,44,42,402,414,406,1176,377,2960,3083,379,377,24,414,412
DPA1*01:27,366,366,484,3083,3070,3078,3075,3078,3073,3074,3078,3074,368,8,3074,2839,370,368,369,911,5,8,5,8,7,0,8,368,368,368,1700,385,1639,404,409,2965,3073,3073,413,410,406,408,410,2608,412,45,413,417,1708,49,41,44,49,40,2819,44,43,1640,407,45,43,403,415,407,1175,378,2963,3080,380,378,25,415,413
DPA1*01:28,366,366,484,3087,3074,3080,3079,3082,3077,3078,3082,3078,368,8,3078,2843,370,368,369,917,5,8,5,8,7,8,0,368,368,368,1700,385,1639,404,409,2965,3077,3077,413,410,406,408,410,2604,412,45,413,417,1708,49,41,44,49,40,2823,44,43,1640,407,45,43,403,415,407,1171,378,2963,3084,380,378,25,415,413
DPA1*01:29N,2,2,422,3003,2992,2996,2997,3000,2995,2996,3000,2996,4,368,2996,2759,6,4,5,1273,365,368,365,368,367,368,368,0,4,4,1654,21,1559,40,45,2991,2995,2995,49,46,42,44,46,2532,48,405,49,53,1662,409,401,404,409,400,2759,404,403,1560,43,405,403,43,51,43,1135,14,2989,3002,16,18,385,55,53
DPA1*01:30,2,2,422,3001,2990,2994,2995,2998,2993,2994,2998,2994,4,368,2994,2757,6,4,5,1273,365,368,365,368,363,368,368,4,0,4,1656,21,1561,40,45,2989,2993,2993,49,46,42,44,46,2534,48,405,49,53,1666,409,401,404,409,400,2759,404,403,1564,43,405,403,43,51,43,1135,14,2987,3000,16,18,385,55,53
DPA1*01:31,2,2,422,3001,2990,2994,2995,2998,2993,2994,2998,2994,4,368,2994,2759,6,4,5,1273,365,368,365,368,367,368,368,4,4,0,1654,21,1559,40,45,2989,2993,2993,49,46,42,44,46,2534,48,405,49,53,1662,409,401,404,409,400,2763,404,403,1560,43,405,403,43,51,43,1135,14,2987,3000,16,18,385,55,53
DPA1*01:32N,1656,1656,1726,2787,2794,2624,2797,2800,2793,2796,2800,2794,1658,1708,2796,2593,1654,1656,1655,2193,1703,1700,1703,1708,1705,1700,1700,1654,1656,1654,0,1651,391,1646,1661,2785,2793,2793,1665,1652,1648,1650,1660,2350,1654,1697,1663,1667,44,1711,1695,1696,1709,1694,2823,1692,1695,430,1649,1709,1697,1645,1665,1647,2059,1654,2779,2800,1652,1654,1707,1653,1655
DPA1*01:33,19,19,439,2998,2987,2991,2992,2995,2990,2991,2995,2991,21,385,2991,2756,23,21,22,1290,382,385,382,385,384,385,385,21,21,21,1651,0,1556,19,28,2986,2990,2990,32,29,21,23,29,2533,31,384,32,36,1659,392,384,383,392,379,2762,383,382,1557,22,388,386,22,34,22,1114,29,2984,2997,31,33,402,38,36
DPA1*01:34,1561,1561,1457,2770,2781,2759,2784,2787,2780,2783,2787,2781,1563,1647,2783,2584,1559,1561,1560,2162,1642,1639,1642,1647,1644,1639,1639,1559,1561,1559,391,1556,0,1551,1566,2762,2780,2780,1570,1557,1553,1555,1565,2191,1559,1636,1568,1572,429,1650,1634,1635,1648,1633,2556,1631,1634,47,1554,1648,1636,1552,1570,1552,2034,1559,2756,2787,1557,1559,1646,1558,1560
DPA1*02:01,38,38,458,2999,2990,2992,2995,2998,2993,2994,2998,2994,40,404,2994,2755,42,40,41,1295,401,404,401,404,403,404,404,40,40,40,1646,19,1551,0,21,2987,2993,2993,25,14,2,4,22,2530,16,365,25,29,1654,385,365,364,385,364,2761,364,363,1552,3,385,369,3,27,3,1115,46,2985,3000,44,50,411,41,39
DPA1*02:02,43,43,463,2998,2991,2997,2996,2999,2994,2995,2999,2995,45,409,2995,2756,47,45,46,1296,406,409,406,409,408,409,409,45,45,45,1661,28,1566,21,0,2992,2994,2994,4,11,23,25,1,2543,13,386,4,8,1669,364,382,385,364,385,2760,381,384,1567,24,364,378,24,6,24,1124,39,2990,3001,37,43,400,46,44
DPA1*02:03,2989,2989,3085,482,1151,1155,1150,1147,1152,1149,1147,1151,2991,2959,1149,1396,2991,2989,2990,2836,2962,2963,2964,2963,2962,2965,2965,2991,2989,2989,2785,2986,2762,2987,2992,0,1154,1152,2990,2991,2989,2983,2991,2527,2993,2962,2990,2992,2789,2966,2960,2961,2966,2961,2892,2961,2960,2765,2988,2966,2962,2988,2990,2988,2984,2993,14,1149,2993,2993,2972,2980,2980
DPA1*02:04,2993,2993,2875,772,25,445,22,27,26,21,27,19,2995,3073,25,964,2995,2993,2992,2710,3076,3075,3074,3075,3076,3073,3077,2995,2993,2993,2793,2990,2780,2993,2994,1154,0,4,2992,2993,2995,2991,2995,2099,2995,3076,2992,2994,2797,3074,3074,3073,3076,3073,2706,3075,3074,2787,2994,3074,3072,2994,2992,2994,2830,2991,1158,21,2991,2991,3074,2992,2992
DPA1*02:05,2993,2993,2875,770,25,445,22,27,26,21,27,19,2995,3073,25,966,2995,2993,2992,2710,3076,3075,3074,3075,3076,3073,3077,2995,2993,2993,2793,2990,2780,2993,2994,1152,4,0,2992,2993,2995,2991,2995,2103,2995,3076,2992,2994,2797,3074,3074,3073,3076,3073,2710,3075,3074,2787,2994,3074,3072,2994,2992,2994,2832,2991,1156,21,2991,2991,3074,2992,2992
DPA1*02:06,47,47,467,2996,2989,2995,2994,2997,2992,2993,2997,2993,49,413,2993,2754,51,49,50,1300,410,413,410,413,412,413,413,49,49,49,1665,32,1570,25,4,2990,2992,2992,0,15,27,29,5,2541,17,390,8,4,1673,368,386,389,368,389,2758,385,388,1571,28,368,382,28,2,28,1128,43,2988,2999,41,47,404,50,48
DPA1*02:07,44,44,464,2997,2990,2996,2995,2998,2993,2994,2998,2994,46,410,2994,2753,48,46,47,1291,407,410,407,410,409,410,410,46,46,46,1652,29,1557,14,11,2991,2993,2993,15,0,16,18,12,2536,2,379,15,19,1660,375,375,378,375,378,2757,374,377,1558,17,375,371,17,17,17,1121,40,2989,3000,38,44,401,47,45
DPA1*02:08,40,40,460,3001,2992,2994,2997,3000,2995,2996,3000,2996,42,406,2996,2757,44,42,43,1297,403,406,403,406,405,406,406,42,42,42,1648,21,1553,2,23,2989,2995,2995,27,16,0,6,24,2532,18,367,27,31,1656,387,367,366,387,366,2759,366,365,1554,5,387,371,5,29,5,1117,48,2987,3002,46,52,413,43,41
DPA1*02:09,42,42,462,2995,2988,2990,2993,2996,2991,2992,2996,2992,44,400,2992,2753,46,44,45,1299,405,408,405,408,407,408,408,44,44,44,1650,23,1555,4,25,2983,2991,2991,29,18,6,0,26,2532,20,369,29,33,1658,389,369,368,389,368,2759,368,367,1556,7,389,373,7,31,7,1117,50,2981,2998,48,54,415,45,43
DPA1*02:10,44,44,464,2997,2992,2998,2997,3000,2995,2996,3000,2996,46,410,2996,2755,48,46,47,1297,407,410,407,410,409,410,410,46,46,46,1660,29,1565,22,1,2991,2995,2995,5,12,24,26,0,2544,14,387,5,9,1668,365,383,386,365,386,2761,382,385,1566,25,365,379,25,7,25,1125,40,2989,3002,38,44,401,45,43
DPA1*02:11,2534,2534,2220,2297,2100,2330,2101,2104,2103,2102,2102,2102,2536,2610,2102,1983,2532,2532,2533,2617,2609,2612,2607,2610,2609,2608,2604,2532,2534,2534,2350,2533,2191,2530,2543,2527,2099,2103,2541,2536,2532,2532,2544,0,2538,2605,2545,2543,2350,2615,2607,2604,2617,2604,2355,2604,2605,2190,2531,2617,2611,2531,2541,2531,2177,2532,2529,2102,2532,2532,2607,2535,2535
DPA1*02:12,46,46,466,2999,2992,2998,2997,3000,2995,2996,3000,2996,44,412,2996,2755,50,48,49,1293,409,412,409,412,411,412,412,48,48,48,1654,31,1559,16,13,2993,2995,2995,17,2,18,20,14,2538,0,381,17,21,1662,377,377,380,377,380,2755,376,379,1560,19,377,373,19,19,19,1123,42,2991,3002,40,46,403,49,47
DPA1*02:13N,403,403,521,3084,3073,3077,3078,3081,3076,3077,3081,3077,405,45,3077,2840,407,405,406,940,42,45,42,45,44,45,45,405,405,405,1697,384,1636,365,386,2962,3076,3076,390,379,367,369,387,2605,381,0,390,394,1705,26,6,5,26,5,2820,5,4,1637,368,26,10,364,392,368,1158,411,2960,3083,409,411,52,402,400
DPA1*02:14,47,47,467,2996,2989,2995,2994,2997,2992,2993,2997,2993,49,413,2993,2754,51,49,50,1300,410,413,410,413,412,413,413,49,49,49,1663,32,1568,25,4,2990,2992,2992,8,15,27,29,5,2545,17,390,0,12,1671,368,386,389,368,389,2758,385,388,1569,28,368,382,28,10,28,1128,43,2988,2999,41,47,404,50,48
DPA1*02:15,51,51,471,2998,2991,2997,2996,2999,2994,2995,2999,2995,53,417,2995,2756,55,53,54,1304,414,417,414,417,416,417,417,53,53,53,1667,36,1572,29,8,2992,2994,2994,4,19,31,33,9,2543,21,394,12,0,1675,372,390,393,372,393,2756,389,392,1573,32,372,386,32,6,32,1132,47,2990,3001,45,51,408,54,52
DPA1*02:16,1664,1664,1734,2787,2798,2626,2801,2804,2797,2800,2804,2798,1666,1716,2800,2599,1662,1664,1663,2189,1711,1708,1711,1716,1715,1708,1708,1662,1666,1662,44,1659,429,1654,1669,2789,2797,2797,1673,1660,1656,1658,1668,2350,1662,1705,1671,1675,0,1719,1703,1700,1717,1702,2823,1700,1703,410,1657,1717,1705,1653,1673,1655,2061,1662,2783,2804,1660,1662,1715,1661,1663
DPA1*02:17,407,407,525,3082,3071,3079,3076,3079,3074,3075,3079,3075,409,49,3075,2840,411,409,410,940,46,49,46,49,48,49,49,409,409,409,1711,392,1650,385,364,2966,3074,3074,368,375,387,389,365,2615,377,26,368,372,1719,0,22,25,4,25,2818,21,24,1651,388,4,18,384,370,388,1164,403,2964,3081,401,403,40,406,404
DPA1*02:18,399,399,517,3082,3071,3075,3076,3079,3074,3075,3079,3075,401,41,3075,2838,403,401,402,936,38,41,38,41,40,41,41,401,401,401,1695,384,1634,365,382,2960,3074,3074,386,375,367,369,383,2607,377,6,386,390,1703,22,0,5,22,5,2824,5,4,1635,368,22,6,364,388,368,1158,407,2958,3081,405,407,48,402,400
DPA1*02:19,402,402,520,3083,3070,3074,3075,3078,3073,3074,3078,3074,404,44,3074,2837,406,404,405,935,41,44,41,44,43,44,44,404,404,404,1696,383,1635,364,385,2961,3073,3073,389,378,366,368,386,2604,380,5,389,393,1700,25,5,0,25,4,2819,4,3,1636,367,25,9,363,391,367,1155,410,2959,3080,408,410,51,401,399
DPA1*02:20,407,407,525,3082,3073,3081,3078,3081,3076,3077,3081,3077,409,49,3077,2840,411,409,410,940,46,49,46,49,48,49,49,409,409,409,1709,392,1648,385,364,2966,3076,3076,368,375,387,389,365,2617,377,26,368,372,1717,4,22,25,0,25,2822,21,24,1649,388,4,18,384,370,388,1166,403,2964,3083,401,403,40,406,404
DPA1*02:21,398,398,516,3083,3070,3074,3075,3078,3073,3074,3078,3074,400,40,3074,2837,402,400,401,935,37,40,37,40,39,40,40,400,400,400,1694,379,1633,364,385,2961,3073,3073,389,378,366,368,386,2604,380,5,389,393,1702,25,5,4,25,0,2819,4,3,1634,367,21,9,363,391,367,1155,406,2959,3080,404,406,47,401,399
DPA1*02:22,2761,2761,2433,2790,2707,2821,2706,2705,2710,2707,2705,2709,2759,2819,2709,2196,2763,2759,2762,2754,2822,2819,2820,2819,2820,2819,2823,2759,2759,2763,2823,2762,2556,2761,2760,2892,2706,2710,2758,2757,2759,2759,2761,2355,2755,2820,2758,2756,2823,2818,2824,2819,2822,2819,0,2819,2822,2559,2760,2818,2822,2762,2756,2760,2668,2759,2898,2707,2761,2759,2816,2762,2760
DPA1*02:23,402,402,520,3083,3072,3078,3077,3080,3075,3076,3080,3076,404,44,3076,2839,406,404,405,935,41,44,41,44,43,44,44,404,404,404,1692,383,1631,364,381,2961,3075,3075,385,374,366,368,382,2604,376,5,385,389,1700,21,5,4,21,4,2819,0,3,1632,367,21,9,363,387,367,1155,406,2959,3082,404,406,47,401,399
DPA1*02:24,401,401,519,3082,3071,3075,3076,3079,3074,3075,3079,3075,403,43,3075,2838,405,403,404,938,40,43,40,43,42,43,43,403,403,403,1695,382,1634,363,384,2960,3074,3074,388,377,365,367,385,2605,379,4,388,392,1703,24,4,3,24,3,2822,3,0,1635,366,24,8,362,390,366,1156,409,2958,3081,407,409,50,400,398
DPA1*02:25,1562,1562,1458,2775,2788,2772,2791,2794,2787,2790,2794,2788,1564,1648,2790,2595,1560,1562,1561,2159,1643,1640,1643,1648,1647,1640,1640,1560,1564,1560,430,1557,47,1552,1567,2765,2787,2787,1571,1558,1554,1556,1566,2190,1560,1637,1569,1573,410,1651,1635,1636,1649,1634,2559,1632,1635,0,1555,1649,1637,1553,1571,1553,2039,1560,2759,2794,1558,1560,1647,1559,1561
DPA1*02:26,41,41,461,3000,2991,2993,2996,2999,2994,2995,2999,2995,43,407,2995,2756,45,43,44,1298,404,407,404,407,406,407,407,43,43,43,1649,22,1554,3,24,2988,2994,2994,28,17,5,7,25,2531,19,368,28,32,1657,388,368,367,388,367,2760,367,366,1555,0,388,372,6,30,6,1118,49,2986,3001,47,53,414,44,42
DPA1*02:27,403,403,521,3082,3071,3079,3076,3079,3074,3075,3079,3075,405,45,3075,2838,407,405,406,936,42,45,42,45,44,45,45,405,405,405,1709,388,1648,385,364,2966,3074,3074,368,375,387,389,365,2617,377,26,368,372,1717,4,22,25,4,21,2818,21,24,1649,388,0,18,384,370,388,1164,399,2964,3081,397,399,36,406,404
DPA1*02:28,401,401,519,3080,3069,3077,3074,3077,3072,3073,3077,3073,403,43,3073,2836,405,403,404,934,40,43,40,43,42,43,43,403,403,403,1697,386,1636,369,378,2962,3072,3072,382,371,371,373,379,2611,373,10,382,386,1705,18,6,9,18,9,2822,9,8,1637,372,18,0,368,384,372,1160,403,2960,3079,401,403,44,404,402
DPA1*02:29,41,41,459,3000,2991,2993,2996,2999,2994,2995,2999,2995,43,403,2995,2756,45,43,44,1294,400,403,400,403,402,403,403,43,43,43,1645,22,1552,3,24,2988,2994,2994,28,17,5,7,25,2531,19,364,28,32,1653,384,364,363,384,363,2762,363,362,1553,6,384,368,0,30,6,1114,49,2986,3001,47,53,410,44,42
DPA1*02:30,49,49,469,2996,2989,2995,2994,2997,2992,2993,2997,2993,51,415,2993,2754,53,51,52,1302,412,415,412,415,414,415,415,51,51,51,1665,34,1570,27,6,2990,2992,2992,2,17,29,31,7,2541,19,392,10,6,1673,370,388,391,370,391,2756,387,390,1571,30,370,384,30,0,30,1130,45,2988,2999,43,49,406,52,50
DPA1*02:31,41,41,461,3000,2991,2993,2996,2999,2994,2995,2999,2995,43,407,2995,2756,45,43,44,1298,404,407,404,407,406,407,407,43,43,43,1647,22,1552,3,24,2988,2994,2994,28,17,5,7,25,2531,19,368,28,32,1655,388,368,367,388,367,2760,367,366,1553,6,388,372,6,30,0,1118,49,2986,3001,47,53,414,44,42
DPA1*02:32N,1133,1133,1201,2970,2833,2819,2830,2833,2834,2831,2833,2833,1135,1175,2835,2736,1131,1135,1132,1242,1174,1175,1172,1175,1176,1175,1171,1135,1135,1135,2059,1114,2034,1115,1124,2984,2830,2832,1128,1121,1117,1117,1125,2177,1123,1158,1128,1132,2061,1164,1158,1155,1166,1155,2668,1155,1156,2039,1118,1164,1160,1114,1130,1118,0,1131,2982,2833,1131,1129,1174,1124,1122
DPA1*03:01,12,12,432,3001,2988,2994,2993,2996,2991,2992,2996,2992,14,378,2992,2757,16,14,15,1265,375,378,375,378,377,378,378,14,14,14,1654,29,1559,46,39,2993,2991,2991,43,40,48,50,40,2532,42,411,43,47,1662,403,407,410,403,406,2759,406,409,1560,49,399,403,49,45,49,1131,0,2991,2998,2,4,373,63,61
DPA1*03:02,2987,2987,3083,492,1153,1157,1154,1149,1154,1153,1149,1153,2989,2957,1151,1396,2989,2987,2988,2836,2960,2961,2962,2961,2960,2963,2963,2989,2987,2987,2779,2984,2756,2985,2990,14,1158,1156,2988,2989,2987,2981,2989,2529,2991,2960,2988,2990,2783,2964,2958,2959,2964,2959,2898,2959,2958,2759,2986,2964,2960,2986,2988,2986,2982,2991,0,1149,2991,2991,2970,2978,2978
DPA1*03:03,3000,3000,2882,765,22,434,13,16,15,14,8,8,3002,3080,14,965,3002,3000,2999,2713,3083,3082,3081,3082,3083,3080,3084,3002,3000,3000,2800,2997,2787,3000,3001,1149,21,21,2999,3000,3002,2998,3002,2102,3002,3083,2999,3001,2804,3081,3081,3080,3083,3080,2707,3082,3081,2794,3001,3081,3079,3001,2999,3001,2833,2998,1149,0,2998,2998,3081,2999,2999
DPA1*03:04,14,14,434,3001,2988,2994,2993,2996,2991,2992,2996,2992,16,380,2992,2757,18,16,17,1267,377,380,377,380,379,380,380,16,16,16,1652,31,1557,44,37,2993,2991,2991,41,38,46,48,38,2532,40,409,41,45,1660,401,405,408,401,404,2761,404,407,1558,47,397,401,47,43,47,1131,2,2991,2998,0,6,375,61,59
DPA1*03:05Q,16,16,432,3001,2988,2994,2993,2996,2991,2992,2996,2992,18,378,2992,2757,20,18,19,1265,375,378,375,378,377,378,378,18,18,18,1654,33,1559,50,43,2993,2991,2991,47,44,52,54,44,2532,46,411,47,51,1662,403,407,410,403,406,2759,406,409,1560,53,399,403,53,49,53,1129,4,2991,2998,6,0,373,67,65
DPA1*03:06,383,383,501,3088,3071,3079,3076,3079,3074,3075,3079,3075,385,25,3075,2844,387,385,386,904,22,25,22,25,24,25,25,385,385,385,1707,402,1646,411,400,2972,3074,3074,404,401,413,415,401,2607,403,52,404,408,1715,40,48,51,40,47,2816,47,50,1647,414,36,44,410,406,414,1174,373,2970,3081,375,373,0,428,426
DPA1*04:01,53,53,469,2994,2989,2993,2994,2997,2992,2993,2997,2993,55,415,2993,2756,57,55,56,1310,412,415,412,415,414,415,415,55,55,55,1653,38,1558,41,46,2980,2992,2992,50,47,43,45,45,2535,49,402,50,54,1661,406,402,401,406,401,2762,401,400,1559,44,406,404,44,52,44,1124,63,2978,2999,61,67,428,0,2
DPA1*04:02,51,51,467,2994,2989,2993,2994,2997,2992,2993,2997,2993,53,413,2993,2756,55,53,54,1308,410,413,410,413,412,413,413,53,53,53,1655,36,1560,39,44,2980,2992,2992,48,45,41,43,43,2535,47,400,48,52,1663,404,400,399,404,399,2760,399,398,1561,42,404,402,42,50,42,1122,61,2978,2999,59,65,426,2,0
